major,class_year,study_hours,sleep_hours,class_attendance,coffee_cups,exam_score,letter_grade
Engineering,Sophomore,13.986856612044932,7.881289754980817,71.30237598564457,2,93.72307629966978,A
Engineering,Freshman,11.44694279531526,6.370051208240137,88.99454126782067,0,67.69381912359617,D
Computer Science,Freshman,14.59075415240277,7.982645328095094,98.54210026619971,2,100.0,A
Business,Junior,18.092119425632102,8.420074072924455,88.04835460438994,1,100.0,A
Biology,Senior,11.063386501106656,7.572091412901331,94.57566578280371,1,89.76373653918336,B
Biology,Sophomore,11.063452172203277,8.88911623130226,96.52619390045223,3,100.0,A
Biology,Junior,18.316851262029566,6.503589720806785,76.84239315846797,4,83.37955384168653,B
Biology,Senior,15.069738916611636,6.079810767019724,76.3613451972468,1,100.0,A
Engineering,Senior,10.122102456260192,5.599151775986149,88.32942966552974,1,78.36777291254882,C
Biology,Senior,14.170240174343858,8.546439880340266,82.33085409420114,0,96.29281943929097,A
Business,Junior,10.146329228750151,7.788929090718652,95.19583908600161,1,83.64121997691838,B
Engineering,Junior,10.137080985718972,7.149973796180591,97.00069370194034,2,79.63264819566828,C
Biology,Senior,12.967849086264136,7.451971763687839,80.60264137908155,2,85.1485622094028,B
Computer Science,Freshman,4.346879021368808,6.1870598574314615,77.10611676923446,0,71.47979351774265,C
Psychology,Freshman,5.100328669947869,9.401176781655144,93.41576545731586,0,63.18509867299459,D
Psychology,Junior,9.750849883036109,7.316299063777705,78.24418106644409,1,88.43095167852012,B
Psychology,Junior,7.948675518662305,7.298455315144404,94.67842955541035,5,75.10521387469166,C
Engineering,Junior,13.256989330381096,7.853189961508823,82.71214760946289,3,81.90460675677879,B
Biology,Senior,8.367903697915157,7.632908308563042,90.02649697874412,1,76.2586477342914,C
Engineering,Freshman,6.350785194658834,7.401495621851218,72.86605941504004,2,85.13116459592685,B
Business,Junior,17.862595075686215,6.488572990099219,88.7157797402972,1,94.74788795552873,A
Computer Science,Junior,11.096894798053857,7.624321521422396,83.55303036211687,1,88.71727978352904,B
Computer Science,Sophomore,12.270112818751695,8.89382204682753,87.59825389526422,2,84.48733106577124,B
Psychology,Senior,6.301007255146173,8.41087804153948,75.04042623234591,3,82.54190782301976,B
Psychology,Sophomore,9.82246910189927,8.633867963975458,92.10621234832547,1,90.04429588046321,A
Psychology,Freshman,12.443690358839465,6.739905891211934,95.88391232629685,2,100.0,A
Biology,Sophomore,7.396025690310789,6.3093556617672775,76.50219400272327,2,74.33077844734093,C
Business,Sophomore,13.502792073382688,7.086791771910317,72.87143666560485,0,95.68556865737064,A
Business,Sophomore,9.597445240324781,7.250152421059825,70.70915758139009,2,82.77414847661582,B
Business,Senior,10.833225000826893,8.184772366623854,89.25914501329798,1,96.47722780665907,A
Business,Freshman,9.593173551082412,5.676781833256663,88.21282108266342,1,73.86949546139647,C
Psychology,Sophomore,19.409112738035752,8.576595287514552,86.4009223814221,1,100.0,A
Computer Science,Senior,11.946011101048263,7.057792891278909,76.95841288347927,1,85.3103353902911,B
Psychology,Freshman,7.769156284176399,6.815807037047322,81.72717987716544,0,76.80234896389108,C
Business,Junior,15.290179648412757,6.28910606226585,87.8342900555852,5,93.80607419549382,A
Psychology,Sophomore,7.116625400115911,5.710628995320808,84.90300576577508,0,76.24044254464964,C
Business,Freshman,12.835454380019021,7.940853525565723,99.63356560644662,1,89.21944757941478,B
Engineering,Sophomore,4.161319504480898,7.265986170469564,74.093192576702,0,71.77158763092652,C
Computer Science,Junior,6.687255804406278,6.039035190233052,90.85433662142782,4,86.39546001554086,B
Engineering,Freshman,12.787444943476494,6.034429105142745,82.12956304312877,2,95.06762001828416,A
Biology,Senior,14.953866319981643,6.897793770638884,82.84598844776845,0,100.0,A
Psychology,Freshman,12.685473124759882,8.702119372760453,91.52793296974528,5,87.31690372542144,B
Biology,Senior,11.537406870447038,6.966367783772756,90.77308453973109,1,78.71792016481604,C
Psychology,Freshman,10.795585217642845,5.847171342193705,99.73767981106565,2,90.16344895800684,A
Engineering,Senior,6.0859120385302905,6.97883124232265,73.85182868362375,3,80.86562768848897,B
Business,Junior,9.120623166421165,6.954548787227097,73.12328948152499,2,92.27855955297507,A
Business,Junior,10.15744491616085,4.772802021352586,91.73016451386223,1,74.67373683982892,C
Psychology,Junior,16.22848890487566,7.151134620133969,87.35160751019228,1,94.59298827804463,A
Business,Freshman,13.374473158273846,6.99215892281219,78.22481999679418,4,76.79620603221727,C
Engineering,Junior,4.947839378549064,7.826585728332077,72.3825810696696,1,69.48535637681907,D
Business,Sophomore,13.29633587757918,8.86406048545081,72.56974748789291,1,100.0,A
Engineering,Junior,10.459670878334734,8.213908526592983,96.82572623992354,1,81.60017568840031,B
Biology,Senior,9.292311998776166,6.958000178500653,75.75601974156228,0,86.00392502666513,B
Engineering,Senior,14.446705155363471,6.204126682132497,79.70114686346562,2,89.5649165170159,B
Computer Science,Senior,16.123998089983804,9.516023822924875,76.79969206680964,1,100.0,A
Computer Science,Freshman,15.725120476464795,7.25329659061304,80.64988917495812,1,86.29367881561677,B
Computer Science,Sophomore,8.643129907109445,7.212536362721652,72.08271528238281,0,80.51536593679447,B
Psychology,Junior,10.763150496595141,7.178287421600997,85.5717937272481,1,60.51727445770503,D
Psychology,Sophomore,13.325053725614255,7.378276284691069,72.02837690776644,0,88.88736335809209,B
Psychology,Sophomore,15.902180508489437,7.070075629268452,94.01069523467085,0,82.54612461285832,B
Engineering,Senior,10.08330304861884,6.683704193807787,77.011362457313,0,91.85677913004766,A
Psychology,Senior,11.257364093344732,6.707826952883647,86.20035743813531,0,91.04720025679997,A
Biology,Senior,7.574660103975887,7.170522056805602,96.40237262684374,2,81.15340316968401,B
Computer Science,Freshman,7.215173503677317,6.710917705979612,89.52632107141582,1,88.10780808433455,B
Engineering,Sophomore,15.250103289576792,6.558438795590552,85.98873359654006,2,85.79655326385608,B
Computer Science,Sophomore,17.42496011428329,7.295787204922707,79.73001259346127,1,100.0,A
Psychology,Freshman,11.711959513678664,6.970520504321231,79.99005739174594,1,93.67962420065798,A
Engineering,Freshman,16.014131591568095,8.55359368972442,90.0846086559457,4,96.16903773828487,A
Business,Freshman,13.446544100190536,4.814127172446289,99.82418083663502,1,95.88854895655217,A
Biology,Sophomore,9.419520981579502,8.182356166730216,89.85517569548136,1,74.14613231027715,C
Psychology,Sophomore,13.445582422033656,8.321476673247867,86.73350252110075,3,85.46638304612446,B
Psychology,Senior,18.152146265863877,5.3339487908326655,91.91951530717739,3,93.06692718523192,A
Biology,Senior,11.856695843560194,6.891581165327686,83.95616836851154,1,82.19028093931183,B
Biology,Sophomore,18.258574623256024,6.865703220603788,71.80427027802355,1,92.01495785998691,A
Business,Senior,1.5210195836410225,5.933239474753961,86.86890447633729,2,72.0307668329038,C
Psychology,Freshman,15.287610017500896,6.499964981168213,98.7287585351614,1,91.31185430729565,A
Psychology,Junior,12.348188272952685,6.200481739080754,75.25908827072979,1,89.28677655597207,B
Computer Science,Senior,10.80397059813653,8.777043399081261,90.70014672461997,2,82.37148948321283,B
Engineering,Sophomore,12.36704310614201,8.042110553832716,76.0280106597717,0,74.70583425987336,C
Engineering,Senior,4.049724341596429,8.344399585494743,86.07483053419244,3,73.58645179688564,C
Computer Science,Senior,11.121312448649952,7.8495048576389115,72.90029348940159,1,70.94310487013004,C
Engineering,Senior,13.428450286046985,6.183853405904494,83.51112808774556,0,88.26929836947635,B
Biology,Junior,17.911576178966065,6.727931760348204,92.68489986685738,5,88.55084492358517,B
Engineering,Freshman,9.92691912690541,7.640437105105127,80.42714572716946,1,99.19808573069606,A
Engineering,Sophomore,8.766025588427249,6.10008497199725,89.94735173461655,1,85.7262855299336,B
Computer Science,Junior,9.992971825661854,7.8416985871551494,93.86349882369188,0,84.59311622736065,B
Business,Sophomore,15.661608470808297,6.983707141657678,97.81533458438358,1,100.0,A
Engineering,Sophomore,13.315004438638738,6.8626612732053625,77.0392624556636,2,82.81647385508738,B
Engineering,Sophomore,9.880959184931845,7.839863971383142,81.97947747427925,0,87.8457411932855,B
Business,Junior,14.053069732453425,7.599836980337436,74.57248039991252,1,93.9149923516534,A
Computer Science,Freshman,12.388310197392162,6.875130450762828,99.77450506475125,4,89.67913876107637,B
Business,Sophomore,15.874579962131557,8.243396823027823,97.81002903772887,1,100.0,A
Computer Science,Freshman,9.19178762449059,6.227043005160093,86.19871390841679,2,85.42243410385787,B
Biology,Freshman,10.689351413608927,7.754342046249837,95.26099883129264,4,87.45787548191457,B
Computer Science,Senior,10.43156738747137,7.733791132171546,85.62873931816127,1,71.31103546086796,C
Biology,Junior,6.145940207471526,6.921408204617409,88.70757064008279,1,66.22281040112776,D
Biology,Junior,13.184481108258304,7.493519720017907,72.6737329634805,2,89.26446654942934,B
Computer Science,Senior,13.044221088719556,6.073997781253228,92.65811261490424,0,88.55526206127608,B
Psychology,Senior,12.020453826569844,8.03162431728621,73.83140450905705,1,79.45080509699157,C
Computer Science,Freshman,11.061651466499413,7.03358807720131,94.78202890757585,2,100.0,A
Engineering,Sophomore,6.338517031798343,6.729549281532865,93.46084263011159,0,86.17021383428424,B
Engineering,Junior,10.317418708938565,8.144108303253201,91.26234093228929,2,89.73143017768452,B
Psychology,Sophomore,10.629141933892923,6.566090678511517,71.08481141574286,0,83.80954316260167,B
Biology,Sophomore,8.790890923113524,5.932384833272796,79.09385067835986,1,76.54086552154973,C
Psychology,Senior,11.354857153335963,5.7990337438284865,77.89337709732528,2,76.06388867290396,C
Engineering,Sophomore,13.616203427258153,7.745408956211076,80.80409222414558,0,92.19360512243546,A
Psychology,Freshman,19.54474360484212,6.047613582753345,72.62928240291515,3,100.0,A
Computer Science,Senior,12.698311251327356,8.779314763785928,98.10873469093188,1,81.17117229474609,B
Psychology,Sophomore,13.030201562891058,5.32626353290465,86.61406722137129,2,89.32925007567648,B
Biology,Senior,11.702216336935331,8.726810731461034,79.1657293197407,0,87.59301964785129,B
Computer Science,Freshman,4.324915138803834,7.389915720482357,81.9094455122285,0,55.33722642307285,F
Business,Freshman,11.893944498203133,7.112958199316647,83.41607621514507,1,79.95303510878584,C
Engineering,Sophomore,12.240920839764106,6.709572821871945,88.01783000081852,0,83.68554081291579,B
Engineering,Senior,21.852968449941145,7.559222502916864,85.47038283089493,2,100.0,A
Psychology,Sophomore,11.23055614087551,7.166128767817637,97.58175919643253,1,89.90884165792265,B
Computer Science,Sophomore,13.20618936933445,8.192971693814869,84.90890448717491,3,80.65922160045898,B
Business,Senior,11.861152921179027,7.302804883795836,99.76474044469938,4,90.93703406762872,A
Computer Science,Sophomore,7.325287849521872,7.33527158531569,95.54274873235288,1,64.74010873541472,D
Engineering,Freshman,16.571291258060082,6.87274900900753,76.25531543072007,1,100.0,A
Computer Science,Senior,15.007732130747097,7.14874893865104,97.91785643931749,3,89.97113688107714,B
Business,Senior,15.164127788172188,7.4770215920028535,73.49099193656428,1,93.82752401206973,A
Psychology,Senior,8.362450180821044,5.660848446609037,94.52349125473575,1,87.49503624805737,B
Biology,Senior,17.611177243744397,5.986633120104859,81.4186988042974,0,87.42723106772097,B
Computer Science,Sophomore,6.3925957488308764,7.868937684620444,96.33922961335209,1,64.69017169345466,D
Biology,Sophomore,14.347428375201082,7.353778894315148,96.04170070322351,2,87.92621615614706,B
Engineering,Freshman,20.761822503239912,7.034414997282589,94.17776200352864,1,100.0,A
Psychology,Junior,8.037854699477247,7.216590539758854,93.70091308921184,2,66.35339754467347,D
Psychology,Junior,9.734809081588912,7.512823534825504,79.14037417294122,3,60.02857049684931,D
Computer Science,Freshman,12.398605460350565,6.714216287721575,72.42757849153756,2,83.73898557708162,B
Psychology,Junior,9.986097383535203,6.499525747137919,82.08940536295485,1,86.13262926377169,B
Computer Science,Freshman,5.797346275735469,7.376260729587914,75.20573544959527,2,83.42064689891053,B
Computer Science,Sophomore,12.27425189922411,6.319464500146472,90.84853266707385,5,82.77726003182956,B
Biology,Senior,7.7507851450955805,7.567427480143025,80.38299179613357,1,75.1114556824968,C
Psychology,Senior,13.894369722540727,5.667674756185944,99.26830602579744,1,98.3003313979145,A
Computer Science,Sophomore,8.322303063064787,8.12624007359308,89.22916232035996,2,65.54049325156878,D
Biology,Senior,18.19973762007016,7.6253377341717385,94.67441690903082,2,98.36926316394789,A
Business,Senior,8.866986830655051,7.430426760882488,73.97574018225545,2,82.17640228816529,B
Biology,Junior,10.711753935177297,8.084421885550963,95.86043446817868,1,89.28624125599677,B
Biology,Sophomore,15.25406886947868,8.698927000016319,97.68271571540183,2,92.52888846735053,A
Computer Science,Junior,7.076542734264179,8.112933058516317,84.61185756456808,4,78.0133216968024,C
Engineering,Junior,12.909839738416517,5.543213191801519,88.18758813252933,4,66.8098483849147,D
Engineering,Senior,17.228571017129713,6.048380729937868,92.94429402708987,0,91.7094400339214,A
Engineering,Senior,5.57006706175509,6.637663280073889,75.24515881781238,4,75.83871215640778,C
Biology,Sophomore,12.738535434129217,7.223481945189751,85.07698229390327,2,81.00164859883148,B
Computer Science,Senior,13.039531176993695,7.665893118422211,81.9598908331694,2,90.65768203973622,A
Psychology,Senior,15.127291487109241,6.546830568161881,74.39121976486747,3,96.67526713030473,A
Biology,Sophomore,7.052197156487672,7.368090088029371,81.02603266874594,0,73.82657526945482,C
Biology,Senior,6.718173547662895,6.5201553608820095,72.04516928156481,1,75.92392501415395,C
Computer Science,Junior,14.087766262467591,6.649633977307246,70.77435720848462,2,83.26567622111267,B
Business,Sophomore,13.187938692932745,5.9340050128366,74.05498867464468,1,86.26158240613857,B
Biology,Senior,13.001971401383507,6.369090078500186,98.89345334767522,3,93.03970155750777,A
Business,Freshman,13.385792837987903,5.9834838549453,86.4858860768505,0,89.6797537137388,B
Business,Sophomore,9.279901113686037,6.3217140723204,98.9746648345966,3,75.20610340207838,C
Engineering,Sophomore,12.929014788644015,8.148277616947055,82.97493634990396,5,92.45998019476377,A
Computer Science,Freshman,13.172289893194725,6.345541000051251,79.35448399255779,0,94.21422759019822,A
Business,Senior,9.142594327894528,9.569143858353652,85.18425588520732,1,68.06789308027861,D
Computer Science,Senior,19.463098044579027,7.643986110792801,83.1853506589873,1,100.0,A
Engineering,Sophomore,13.89533168364715,7.3663525113253865,73.16994052785232,0,88.92922056156323,B
Computer Science,Sophomore,7.234786011189406,6.427477997836908,89.22478944070619,1,78.9616656872939,C
Biology,Senior,14.626214434535319,7.830278891468092,76.48114547528799,2,100.0,A
Business,Senior,8.101273319090714,6.681925956386004,88.58763864693489,2,66.87230065873484,D
Computer Science,Junior,15.148338414969809,7.309808833180825,89.5060327719446,0,88.61552974328445,B
Psychology,Sophomore,16.634382316029615,9.504076084441916,74.56074559385944,3,98.54336565492241,A
Computer Science,Sophomore,8.717270726593158,7.113546090247815,71.84048881332005,0,73.57828656488125,C
Business,Freshman,15.853504516977287,8.234345993657108,93.4228475820532,1,100.0,A
Engineering,Junior,13.651123707745993,6.567141217386702,83.79401271307961,1,83.0290072325069,B
Engineering,Senior,15.28824063997796,7.1685103585527346,71.74491386516428,4,89.9425207098857,B
Business,Junior,19.58717193061579,8.793720572071958,99.84598951509301,1,100.0,A
Biology,Senior,11.018447535988518,6.63572964799101,71.733416829891,3,74.57698284255255,C
Biology,Senior,8.985055342570043,8.831203702197236,90.85105686575659,1,79.84848161289985,C
Engineering,Junior,8.441942281497907,7.836976741909928,99.5103677579024,2,82.8673642221617,B
Engineering,Sophomore,8.736758860138247,6.69377990169516,77.17540312647776,2,76.59865610978679,C
Business,Senior,11.691593162343583,7.769166965149969,74.26748106061589,1,86.62816053368125,B
Biology,Junior,13.364607899266575,8.075299004664057,73.64154818267286,4,87.2804289857956,B
Engineering,Freshman,13.106763197320076,7.759628965995477,79.09825442702787,0,78.35856000965126,C
Biology,Junior,15.308732996144094,5.78679775209859,73.0313743303194,1,94.93215491037878,A
Engineering,Freshman,12.052007567511628,6.545576541757619,90.76484025082397,1,100.0,A
Computer Science,Senior,17.814136308629266,6.977233228003646,71.86875394390188,0,99.80416276725737,A
Psychology,Junior,10.941372667048176,7.133009913809959,85.2826638444937,1,86.57264767620131,B
Computer Science,Junior,22.880676666358475,7.75860488779561,99.9009056155893,2,100.0,A
Engineering,Freshman,14.502669391060024,7.359930900839928,94.41910808518057,1,82.79112503921836,B
Psychology,Junior,8.571369774334869,5.998190077160909,88.45658314693033,1,91.47441588431491,A
Psychology,Junior,7.716430007755551,7.542178065905367,79.18760862359835,0,79.90804348730268,C
Engineering,Senior,13.92988966097274,7.749527170755441,88.71687508874916,1,100.0,A
Engineering,Junior,11.106148858696596,7.703811403137936,85.81124391734954,1,80.1249806296475,B
Biology,Sophomore,14.856001976368368,8.17270265299916,82.78250151671115,1,100.0,A
Engineering,Freshman,13.89295049829418,7.950529939094014,73.92131130220598,1,98.69152995716648,A
Business,Junior,11.70868434937251,7.613262071305593,96.598126457214,2,91.60331936239677,A
Engineering,Freshman,8.61282512772638,7.136850859687218,83.49353946463968,3,81.52568720535406,B
Business,Freshman,5.9406111012565415,5.705135159835608,75.83867535462295,1,69.6388182179222,D
Engineering,Freshman,10.213940191731915,7.586656397219327,81.03278052631869,2,93.45490628543018,A
Biology,Junior,15.42559517729389,7.3869189184468,82.42389257586781,2,96.13956672650113,A
Business,Junior,12.856374976520815,7.444420953475836,94.82613686700623,0,73.71409874986234,C
Computer Science,Freshman,7.017044885152048,6.050926281761722,92.00843141684206,6,65.57639647632107,D
Business,Sophomore,12.692723703404727,6.227049113632564,93.0791468092402,0,85.77779980039726,B
Biology,Freshman,13.541269518915348,8.147837567999613,70.33093793285941,2,94.49254115893763,A
Business,Sophomore,8.464570255195468,7.164400361529011,82.48461994539285,2,78.91594719252438,C
Engineering,Freshman,12.614900423782112,7.813350627635362,84.44032454905971,1,99.224573192123,A
Engineering,Senior,12.232834873784,7.225486538517416,70.5757683046917,0,72.14165161779194,C
Biology,Freshman,7.428118808677508,7.226780525546171,77.79439626235103,1,78.33073565945105,C
Psychology,Freshman,13.431149441393133,8.044455425378398,92.80869469366405,0,77.07137810603525,C
Engineering,Junior,14.243138105472937,6.735559744604363,74.11329117186997,4,97.51594181282037,A
Computer Science,Sophomore,16.332204972701106,7.286508699246885,86.05930394357775,3,96.10494427327676,A
Biology,Senior,16.21520820813961,6.783952240165462,76.45605616051712,2,99.20626619434827,A
Business,Sophomore,6.489322528171636,6.808953395310916,70.3636232393168,0,67.57887597022585,D
Business,Senior,8.248699840339508,6.921745088878224,77.23604372798624,2,88.76547673532626,B
Computer Science,Freshman,14.060141068834639,7.3999203944703416,99.2762126473016,2,100.0,A
Engineering,Junior,14.055143803648836,6.769126240502871,94.04611335648968,0,95.74336015287685,A
Biology,Junior,14.060190745224192,8.330180513016169,98.787299329631,2,92.39155243410994,A
Computer Science,Sophomore,27.410925962618883,6.394853428002446,84.63562131779088,0,100.0,A
Engineering,Junior,14.283562042772669,7.031815520254777,73.29208596032511,0,86.31641923058325,B
Biology,Sophomore,16.542262560722396,6.804242047553243,86.43878466921079,1,100.0,A
Business,Sophomore,15.81600705397281,8.50228009591836,83.63132003679883,1,100.0,A
Biology,Senior,14.605565005223191,7.376899298860417,95.33071248218847,1,100.0,A
Psychology,Sophomore,10.738923021438618,8.128660085521771,72.94247742352734,0,79.98180101698836,C
Biology,Senior,15.03587688197307,5.862995664266725,84.64723411065334,0,94.76476117492568,A
Psychology,Junior,8.908699141849713,7.440345239282333,74.50145994081953,1,70.41452362092369,C
Biology,Sophomore,11.052725573039965,8.000667716061093,79.7402778067018,1,90.89612032418496,A
Psychology,Sophomore,10.058545808683586,7.274055590347882,92.12071232163399,1,86.64471146752602,B
Business,Freshman,12.32749655754529,8.158932337558817,84.280543881063,3,74.40036021668055,C
Engineering,Sophomore,21.258634266694035,6.734440394909665,81.27664855437308,2,97.57638522779247,A
Psychology,Sophomore,4.530939229633008,8.468412696167022,81.83428835710106,2,70.40557417549302,C
Psychology,Freshman,14.745040761498053,9.269008311257325,83.7834030521796,0,93.93572416505509,A
Business,Freshman,5.549136515241393,6.873445295604307,93.5504963151117,2,62.84245279358708,D
Psychology,Junior,10.112272536842266,6.799047730739305,96.76254066820704,1,85.55740101197942,B
Computer Science,Sophomore,16.355802387869463,8.50804602940593,98.66004059511785,2,100.0,A
Business,Junior,12.25712007638185,8.62161493115764,93.60710158765886,1,88.34393350894838,B
Computer Science,Junior,7.6890208882827755,6.729425975562059,79.46220687244038,0,70.96365291629829,C
Business,Freshman,9.138785162960128,6.821831864613729,90.64404118259627,1,88.72773216676538,B
Psychology,Senior,14.718390995738703,6.946393852025544,83.12809372166176,2,100.0,A
Computer Science,Junior,9.078533473131454,5.9899945400691506,77.64011866138154,4,75.08927358022062,C
Psychology,Senior,12.8658343583279,6.373213248164221,95.22614738277768,1,82.96732012332916,B
Business,Sophomore,12.182287359615255,6.296273309923139,71.15279046886975,1,90.17510347933425,A
Psychology,Freshman,9.393598609576731,6.508982191406284,97.0528597640627,2,77.56515519020236,C
Computer Science,Sophomore,20.5757763573013,7.1687836013518975,83.84432393874202,0,100.0,A
Computer Science,Sophomore,14.535676089272044,7.410793259282869,89.11604430424842,6,99.01190249912017,A
Psychology,Freshman,3.8994296533695714,8.59545044353267,89.78061766617348,1,56.19707220265373,F
Biology,Sophomore,12.745817259077711,6.301481363335088,96.85353222119609,0,98.03943861379494,A
Business,Freshman,9.352854140926448,8.085890158628926,89.10009046501622,0,83.2865585426163,B
Business,Senior,15.409733339184896,7.007410040197042,88.41800754280186,3,91.12058325000488,A
Psychology,Sophomore,8.829917046269198,7.155482661312811,71.9995612168207,2,79.44516825998986,C
Biology,Freshman,11.541054234132403,7.807337542949943,85.55224065835613,1,86.80076046968034,B
Computer Science,Junior,14.019949115921829,6.1895501805939315,74.50507002451126,2,76.27860289835952,C
Engineering,Sophomore,15.463020776680485,7.544168771565646,92.12301306164457,3,100.0,A
Engineering,Senior,7.198814371776895,7.349806987391751,85.36665762438024,0,77.19270715716175,C
Psychology,Freshman,10.661995056636206,7.643206137607335,90.4068333762506,0,88.46521537458966,B
Biology,Sophomore,10.100218755356176,7.460251779517036,71.25018701807153,2,91.02325709565147,A
Biology,Sophomore,9.386683069705153,9.409770125919806,72.5437604813741,2,76.59605828174864,C
Business,Sophomore,19.061816961124386,6.626034014173816,91.48970164188047,2,100.0,A
Computer Science,Senior,13.619926843843823,6.722102740498364,72.1625300799602,1,87.9058644400136,B
Biology,Freshman,6.956464182659819,6.6391735262177125,72.13770183295776,2,82.03714769291012,B
Engineering,Junior,15.671447788219105,6.700070592755771,70.36325425704662,0,77.50947166040373,C
Computer Science,Junior,20.488624788050533,6.626351585424135,98.6950419489844,0,100.0,A
Computer Science,Junior,16.12986104220459,8.270114877996797,92.12525078377021,1,93.0683013635736,A
Psychology,Freshman,5.922520136183946,8.47845382319087,80.59754225506192,0,79.20532863946424,C
Biology,Junior,10.063063708534994,6.686328335625472,78.89606743862966,4,85.92858616116081,B
Psychology,Senior,17.06764459674649,6.450879984206194,80.49109689237548,1,91.56413093057536,A
Biology,Freshman,9.169322137524876,7.624274000747764,93.23960593543546,5,75.91152879026802,C
Business,Sophomore,13.775277712584913,6.702999260147126,89.84111833211243,2,89.47478690944887,B
Psychology,Senior,15.098536213717347,7.76963863597996,75.55586703602404,2,87.69809980562644,B
Psychology,Sophomore,8.292278113687669,7.38263071876617,75.22328006002253,7,86.05282749187914,B
Engineering,Junior,11.7618985757528,5.8358302965024915,72.95186949140192,2,81.67626470783033,B
Psychology,Senior,0.0,8.592754681197055,89.80908159104014,2,39.633226267222454,F
Biology,Freshman,7.902449434662841,8.81628990578597,92.93117986665209,2,77.61124716196275,C
Engineering,Senior,10.989727394427359,6.648490178564052,77.95139284975012,0,75.84178496883447,C
Psychology,Sophomore,7.008867272140602,6.8510685960576145,70.62834883092738,0,62.64590436910818,D
Psychology,Freshman,18.52964521572654,7.457278851652415,72.46515002429283,2,92.05172464629642,A
Business,Senior,6.279434488157469,7.501011110988323,99.03580104535092,1,75.94154031509267,C
Psychology,Senior,10.239822053212064,7.7926898454055475,78.86334332432261,2,94.8457699111607,A
Computer Science,Senior,12.522962309144365,9.009184084889714,93.076694435144,0,93.56976899837201,A
Engineering,Senior,17.765093156264463,7.0407474952553555,88.73990706562792,1,94.79229908093893,A
Computer Science,Freshman,6.2565513952822425,6.4815324799153915,81.45818918958688,2,77.13394535085965,C
Engineering,Sophomore,16.65265500861984,5.958612694786925,76.17061786586666,1,91.9010375793921,A
Business,Senior,12.040932244078348,6.542162964052273,73.6415925447822,2,80.74649242974563,B
Psychology,Freshman,8.073965395808196,7.1701857244135825,88.450389041166,2,69.28310111153453,D
Psychology,Sophomore,13.848413897053083,8.81510207716601,93.23901341913364,4,79.67453323525204,C
Psychology,Senior,12.79623878229388,6.734149830867446,89.31712760623392,1,85.13356041487215,B
Engineering,Sophomore,9.599132491364822,7.401409156475009,85.90906399747475,1,83.48463313507618,B
Psychology,Sophomore,12.279208339960075,7.185219393534523,71.25853670294909,1,87.01909807809484,B
Computer Science,Freshman,10.45874561255296,8.269553946103276,99.05466332783152,0,82.08583584319256,B
Psychology,Sophomore,12.454069381004992,9.47423918328626,93.96142574963724,1,84.04434292756613,B
Business,Freshman,14.648522698084186,6.722218104371712,78.78466110102895,1,97.17604662582254,A
Computer Science,Senior,18.34406726458141,6.7595045017336,99.39910988076552,0,89.95914937510683,B
Psychology,Sophomore,7.048738004692604,8.139744789362165,88.05644768908967,0,83.92506410511479,B
Psychology,Sophomore,20.532133498625065,7.8137023406636805,87.4726797462174,0,98.87351105655686,A
Biology,Junior,4.1916488019099925,8.862036593162431,92.44219538288596,3,66.49520035512136,D
Engineering,Senior,11.392859619857667,7.725535366793368,94.35309364270412,2,74.9183126889515,C
Computer Science,Senior,14.353268825938306,6.876637118291646,89.69435821994509,1,87.88092991941666,B
Biology,Junior,13.12396747094013,7.731589347623078,73.842872390986,4,98.27261212532673,A
Business,Junior,9.509201920717626,8.197833222524617,80.14802517983495,2,87.34201876691735,B
Engineering,Freshman,11.167510998570899,7.938433963077628,97.8425092097815,0,94.3035520376967,A
Computer Science,Freshman,10.027996261364668,7.656546627996568,76.73846835531556,1,87.72355208446861,B
Psychology,Sophomore,9.642540972223154,8.160007220630238,81.1650107151254,2,74.62424234159333,C
Computer Science,Sophomore,15.398408388084098,8.252366031401106,82.96230648832588,0,93.60873370626622,A
Psychology,Sophomore,13.42806194386019,8.443943091933775,83.18214969083357,0,85.96605788145337,B
Engineering,Sophomore,9.228361618957383,7.783838898830679,88.38818747483576,2,92.62275314226459,A
Psychology,Freshman,15.598399501733002,7.049593727714831,98.29227513234123,3,85.31656032397437,B
Business,Senior,13.229198083506438,7.332042317789991,77.22078135497514,2,97.25188077551203,A
Psychology,Sophomore,15.25144847535584,8.285858069857522,73.64504128902755,2,100.0,A
Business,Senior,14.518515367694448,6.464757896111488,75.92411469579812,1,100.0,A
Engineering,Sophomore,8.684019956311712,7.531805977985611,96.60774700627809,0,77.1250601298282,C
Engineering,Junior,9.759275839212123,6.845995068905376,89.37432437965617,1,87.43797672626603,B
Computer Science,Sophomore,14.989174420493047,7.225870340641336,78.57720367717481,1,100.0,A
Business,Sophomore,14.44148106173386,8.350606676346569,94.47840816905853,0,89.35603493486477,B
Business,Sophomore,11.916393624143408,7.371989161217913,95.84109989090308,1,74.9937277346835,C
Biology,Freshman,12.469309533235128,7.241792893340534,95.39543016070834,1,73.25509004186597,C
Biology,Junior,17.110659583153698,5.976129473118073,97.56779600918664,1,100.0,A
Biology,Sophomore,9.63371444465668,7.8716282094244985,77.56723060520085,2,67.93641242791277,D
Psychology,Sophomore,14.18838952468015,7.780935763026968,92.65125786238835,3,89.9073081753334,B
Biology,Senior,11.191229390264423,9.146929250974914,83.8161849182242,1,91.83960403135578,A
Business,Junior,11.12927518709112,6.922999588542299,95.25995658670185,2,86.35030908905323,B
Psychology,Sophomore,16.39510740794876,7.397235294897545,91.8547203148484,4,100.0,A
Engineering,Senior,15.301665395952119,7.42444531533968,93.29342339499173,2,96.57865069051101,A
Computer Science,Senior,15.254038544002555,8.619707951787127,89.68485513043214,0,100.0,A
Biology,Freshman,17.221915228617316,7.114234020851743,75.32286308409121,2,90.94103348832535,A
Engineering,Senior,12.084015366531036,7.451119373193306,86.35080756690814,3,82.34555175848999,B
Business,Sophomore,14.727811885179856,7.7471068587448855,99.54009218573525,1,87.84057087334644,B
Computer Science,Freshman,10.758932973626177,7.367948210840723,98.12164199491357,1,91.36310935313956,A
Engineering,Freshman,13.296665409953768,6.798209746904525,71.29521207391035,1,96.65316722941559,A
Computer Science,Sophomore,11.479427782529262,7.374680993608477,74.94444447188312,2,89.92656516652517,B
Biology,Junior,12.387983859970873,8.166268574873795,73.95186320363686,4,98.97091668936604,A
Business,Senior,14.380628101747654,6.276136230530046,91.77939729955887,4,81.62725923062885,B
Computer Science,Freshman,8.72711726706611,7.319672706732189,94.53355989570835,1,93.51695994005281,A
Engineering,Junior,20.369549102741843,6.569891266554745,76.40534098932015,1,100.0,A
Biology,Sophomore,7.975930474001192,8.275541966032359,85.17558078855487,6,85.84533596981714,B
Biology,Senior,7.143245548849071,5.829131785694603,95.221090840336,1,88.71322915617834,B
Engineering,Senior,16.63244349400027,6.6969703374555705,91.98404634298751,2,83.38384553156178,B
Engineering,Freshman,15.166650775851743,7.539490687558069,86.26711616475545,0,90.48028264810974,A
Computer Science,Senior,14.49647926820862,8.608971626310908,87.71043071376319,1,88.9232841440697,B
Psychology,Senior,14.51338203705712,7.140824765034311,85.2508164074884,3,98.41251221913588,A
Biology,Senior,11.951012908612341,6.7003204259761215,78.92645353956462,4,77.94158312109417,C
Computer Science,Senior,8.410982514056673,8.89304136249653,86.95065978577048,3,87.90368476936935,B
Engineering,Sophomore,12.303218232774906,5.89678748962538,90.66655906150272,2,96.87655049851658,A
Computer Science,Junior,9.291353153951553,5.221074639041927,96.19968747582423,0,83.83421209792829,B
Engineering,Sophomore,15.900478933671005,7.5960130050479995,89.08874061937745,1,98.64508135094023,A
Business,Sophomore,11.411770473991446,6.74815119808265,92.83364611129474,1,77.32513511269916,C
Engineering,Freshman,8.698011212829954,6.280890464582358,74.80214904863719,3,71.78215263609653,C
Engineering,Senior,10.714456633388027,7.8375208025694185,83.8467242325937,4,95.32503703968112,A
Engineering,Sophomore,13.651725817102497,7.419420642394079,70.2799485948128,1,97.39771979245928,A
Psychology,Senior,9.745101788784101,6.692329232336944,77.4003659356487,1,81.1655616288101,B
Engineering,Sophomore,8.711118417734275,6.047726041196196,91.79385145339015,1,74.89277321468258,C
Biology,Sophomore,12.97474884596765,7.985211595452131,99.7542985404809,1,74.31580186941602,C
Biology,Freshman,12.979866284434891,7.785181060162795,72.97534298761647,2,81.66665806652544,B
Computer Science,Junior,9.972227298515481,7.110741722598555,82.04482947583864,2,97.89636533774967,A
Psychology,Junior,10.11584677752671,8.8619732964429,94.00212906097478,2,75.30417828720337,C
Computer Science,Sophomore,12.928199749430545,6.2369237103064625,76.12106903886696,3,89.31326358397556,B
Biology,Freshman,6.2076626340107035,5.8270273461677355,86.65254847906859,1,80.45695059963674,B
Biology,Senior,6.370144902493779,6.57728273710688,91.99213888089025,2,63.840861547128284,D
Business,Senior,9.126223114990257,7.158972585280052,88.47956350780537,1,82.2938335291473,B
Engineering,Sophomore,11.146211393152612,7.419005504390423,75.64074203846249,2,93.15349762160662,A
Biology,Junior,13.243630262392019,6.9828875479293036,80.66153706057219,1,89.71031247441441,B
Computer Science,Freshman,17.90142486779821,7.516849856862867,93.51375353456191,1,100.0,A
Computer Science,Junior,15.430638492808077,6.0736145182286005,86.6267954239605,2,79.70903239049511,C
Engineering,Senior,11.36024588014629,8.499388143665934,70.15688840628738,1,96.21145139089178,A
Engineering,Junior,11.923935168389244,7.126063939446688,92.82972280084282,1,85.53933938045466,B
Business,Senior,7.989882541448765,8.205566248429315,71.05934064820717,0,86.06145220252465,B
Psychology,Freshman,11.92594745603044,7.508452811739934,92.37201348193696,1,91.03022083447084,A
Computer Science,Freshman,10.845365444319446,7.611077897238406,76.07441680495712,1,79.41117124648041,C
Engineering,Sophomore,13.290874241352357,7.7127905522089835,98.74220440358141,2,92.64108029896339,A
Computer Science,Sophomore,8.691076225790708,7.602937704015583,81.03822253906253,0,65.66156264157664,D
Engineering,Junior,14.07738605696469,7.77845048388079,79.80794849014237,2,97.46390505571466,A
Biology,Freshman,18.13095565201031,8.396237277119189,74.46664150997334,3,100.0,A
Computer Science,Freshman,11.56495940617257,7.376869052731323,79.16812646470645,0,91.61749562182146,A
Biology,Sophomore,13.606846888395765,7.8381033818296615,96.29952285484602,2,100.0,A
Computer Science,Senior,14.76057596684445,7.119237875141496,99.89003012881741,2,96.09308266144772,A
Psychology,Junior,10.395118112456656,8.496105493904526,81.04928591520545,1,86.79813344664765,B
Business,Junior,12.896369927241667,6.591246928146657,83.45831892863627,2,81.21033753886132,B
Biology,Sophomore,12.05036960312718,8.820846389619735,91.66212814608211,0,84.044316602117,B
Engineering,Freshman,12.390704394195327,7.163857844420091,96.58587341395224,3,97.4992133952785,A
Psychology,Sophomore,8.907960864578135,5.9123024080937565,87.79133002560353,3,89.95665075986037,B
Computer Science,Sophomore,12.09804069703577,7.315293973419711,81.74577094533488,0,85.68374700311183,B
Biology,Sophomore,13.9919931649818,6.587053508272607,82.37865522545871,1,91.03098720339507,A
Computer Science,Sophomore,17.804574431180168,7.956579194089851,90.8685443949042,2,93.86801753978101,A
Computer Science,Senior,15.837083304340828,6.612638418627848,70.09654790812836,1,100.0,A
Computer Science,Senior,20.612729830046227,6.798434910106699,88.58768012379522,2,100.0,A
Business,Freshman,8.930609748447802,5.4994133421490226,80.66479031324073,0,93.42620095151868,A
Business,Sophomore,15.489282546882713,6.792924312675831,93.82591993831252,1,87.23922345471782,B
Engineering,Senior,12.733368022953407,5.018508606033939,72.78971919469396,3,82.51710936740267,B
Biology,Freshman,20.75921173287069,5.774487458862849,87.64606800845172,2,100.0,A
Psychology,Sophomore,8.766806858579393,7.8843731905298675,84.42918669658371,3,86.28545117647563,B
Psychology,Junior,8.641112631276895,7.907220142785749,89.26976577715682,1,79.14593690260673,C
Psychology,Senior,9.602429418223911,7.582911805606469,71.94560783448905,0,75.51602370487272,C
Computer Science,Freshman,3.5044171027607725,6.329721471183708,87.39951362284394,2,74.25556006423783,C
Business,Junior,9.896979913276956,7.157059779472219,86.84453763878571,1,88.27802837878228,B
Biology,Sophomore,8.963469353785207,7.196757714818489,86.81980283248512,1,73.18457634604539,C
Computer Science,Sophomore,12.60157514590483,6.157471779726712,88.10462999789365,0,97.80321539942466,A
Business,Sophomore,13.367023903108638,8.553058471590436,90.29403811679086,2,100.0,A
Business,Senior,19.504683356863545,7.989626061518105,94.14966999042309,1,100.0,A
Biology,Freshman,15.8016953527442,7.001132243553303,78.09462160384643,6,95.9022110403755,A
Biology,Junior,9.692385377350387,7.224197255095078,94.75148230540186,3,86.59200588174073,B
Biology,Freshman,8.406341314606568,7.387544527152797,84.9476704679036,0,72.68164312081358,C
Computer Science,Senior,13.967676686026023,5.362438618418139,72.31174837402993,2,89.01279847019711,B
Engineering,Freshman,6.719067171917431,6.977540355731463,71.75652787731937,1,58.029189954942105,F
Biology,Senior,19.325835063417415,6.586214176801981,80.02714956088182,2,100.0,A
Engineering,Sophomore,16.717760482885147,6.298541991094576,93.54690931334403,3,83.73494026945431,B
Computer Science,Junior,10.12329739158118,6.947009736402641,91.23042804222747,2,94.71912749351456,A
Engineering,Sophomore,5.14746188363649,8.817917874164571,93.65844894017219,2,71.91033220351554,C
Psychology,Freshman,17.41548949666165,7.776758575140309,85.51807169324829,2,98.28587889991668,A
Engineering,Sophomore,11.541840618989529,6.6859389091954835,83.20596993866472,0,80.39908647689414,B
Biology,Junior,16.951265247893847,7.715324503220543,74.42357580118852,1,96.56145930882067,A
Computer Science,Sophomore,5.622289364822532,8.459419892927402,79.84578260827935,0,86.40641720318496,B
Biology,Junior,9.602499908184909,8.032170314621492,83.02058098521626,2,63.2712860176584,D
Psychology,Junior,12.020974798872732,7.253667332928157,72.65801289038852,2,97.54236864561776,A
Biology,Sophomore,12.187922375058967,6.617756900064983,76.61835858133634,1,89.44425242404087,B
Biology,Senior,10.199738114083026,7.828400982252231,87.94675882191217,0,74.52585214150328,C
Biology,Freshman,14.491399729389995,7.554136846879575,92.0698934271757,0,84.60978553058345,B
Business,Senior,7.7295182824696225,8.005673898024959,99.95042534178849,0,92.42459528613624,A
Psychology,Senior,11.430482059914826,7.771654621513773,97.99339994030673,4,79.24048742454143,C
Biology,Sophomore,12.481182526847595,8.144597443787402,89.27695598605575,1,80.44869363997813,B
Biology,Freshman,14.057755336234996,6.718288309595489,82.63744159882216,1,100.0,A
Biology,Freshman,14.846459512355558,8.385654659070893,89.08532094124698,1,97.94911592607589,A
Computer Science,Senior,7.501431632648523,7.37783964422316,93.56954854240696,3,70.06650444587031,C
Business,Sophomore,5.863543317057511,9.06773478536274,73.55008572770161,3,78.23439727880758,C
Computer Science,Freshman,17.110707287594035,6.579730963719389,82.29714669088865,3,89.30713100916375,B
Business,Senior,13.329256047918367,8.762367422848724,95.19406856906852,1,100.0,A
Biology,Freshman,9.006053853773786,7.378119705116383,81.51498855799132,1,89.37146575496197,B
Psychology,Sophomore,18.204607902090093,6.613723796746997,87.1561681368156,5,100.0,A
Engineering,Sophomore,12.462698537171434,6.764502749351111,87.63308082586595,1,90.45797939577996,A
Engineering,Sophomore,16.717188736255306,6.911687422625112,75.53428759400919,1,100.0,A
Biology,Freshman,12.270073925640435,7.581749351761725,80.86706324956864,1,88.36427728315735,B
Computer Science,Junior,20.24299169952795,7.67055193923195,80.03533866225797,0,96.585416644443,A
Psychology,Freshman,19.021363369772818,6.683669996455279,70.78590125596195,0,100.0,A
Business,Junior,11.004143406083706,7.178080866965115,70.72575291674066,0,100.0,A
Biology,Sophomore,15.886283803817422,9.128043322750678,94.9509113102732,3,90.52381340703754,A
Psychology,Senior,14.58150379834059,8.754788853090641,78.19212429918437,0,92.31978950243338,A
Psychology,Junior,17.474526230129396,7.592691302706629,85.54236298716447,0,100.0,A
Business,Sophomore,8.140306157679582,7.23420313035138,78.96176720766319,0,78.32873945037622,C
Psychology,Sophomore,14.744205839993757,7.308028194046435,98.22037735346021,1,85.5408664960374,B
Computer Science,Junior,16.23369794739835,7.752166175457376,77.77890276597321,1,100.0,A
Computer Science,Senior,4.965042054307543,6.279486691321435,82.88970438216805,0,88.90264833259683,B
Computer Science,Sophomore,7.2669659493369,6.96836111631899,96.18190751453805,2,78.00891843521093,C
Psychology,Junior,3.8430712889595977,5.698274333510169,95.25800700375426,0,59.76962201808836,F
Computer Science,Senior,10.922372662221768,7.559300810344752,75.58304253538832,1,72.97648687197722,C
Business,Senior,14.870169023183848,7.7824763457324675,94.07929929387132,0,96.45189421937262,A
Psychology,Sophomore,18.00942820838411,6.765132183930564,83.74560660213677,3,100.0,A
Engineering,Freshman,12.2963791216791,8.61658808696103,84.48906616256066,2,93.77825817009862,A
Psychology,Freshman,18.51446218228517,6.096810903297893,74.00439917247832,1,99.85780242862339,A
Business,Sophomore,6.4795941671404345,5.882062607811162,72.41804541271374,1,68.36402786511124,D
Engineering,Senior,5.186470242579381,7.402006636703975,91.83817920921295,3,63.77593542698589,D
Psychology,Sophomore,11.777809204413526,8.14238847235094,84.893834570659,1,94.80277356883524,A
Computer Science,Junior,13.536261795757229,8.715534922312083,83.10552107845538,1,100.0,A
Biology,Freshman,11.869221007623628,6.787004163417954,91.88524685957191,1,73.92695416837304,C
Biology,Junior,3.7302315998404936,8.170812750088166,92.96538696973329,2,83.1814404702268,B
Computer Science,Sophomore,11.643519841948846,7.165342377449364,74.7672450300806,1,90.95632698561353,A
Biology,Sophomore,6.782121997980587,7.044635430053263,88.30675448432925,0,86.68437870180354,B
Biology,Senior,14.678690195320154,7.995293943738005,74.06062246833056,1,83.54903735743044,B
Computer Science,Senior,13.466392984387394,7.7870905905720775,92.54125258087137,2,80.38010720818687,B
Computer Science,Senior,8.24048085469058,5.781247058714175,89.70865468801418,1,75.60917399025216,C
Psychology,Junior,9.944532330653226,8.528886314753306,98.69843863250374,0,88.6935760147286,B
Psychology,Senior,7.763145912444194,8.442082218732708,72.06874049069263,5,94.112930918892,A
Computer Science,Sophomore,11.749283610907312,6.636993568641424,71.71164163453763,2,91.45254560747928,A
Business,Senior,15.820569282004953,7.556223180093668,78.465612240796,0,94.19813697605514,A
Biology,Freshman,8.057095814657824,7.644627167654465,77.85117051207718,3,70.98159788240177,C
Psychology,Senior,14.016186062071377,7.434606389241517,77.40936397216,3,100.0,A
Biology,Junior,9.878969526510236,6.704725361539122,97.1876374156311,0,74.07317759462548,C
Engineering,Freshman,8.828508670950622,6.595538968855754,77.48638599548518,2,92.34377596755357,A
Computer Science,Freshman,11.57187856018177,7.1770013361077,78.15849178385893,1,83.94855763970936,B
Business,Freshman,7.859030710322504,8.255456117333429,92.78194787253891,1,92.39770831965245,A
Engineering,Junior,9.785402778611271,7.68924013913499,83.4921952735162,2,88.49319664212152,B
Engineering,Sophomore,7.208488429644606,6.866447101122505,93.30131670865543,2,75.06238128136222,C
Engineering,Senior,19.858900531665558,7.8945288395835105,71.96098472693156,0,100.0,A
Computer Science,Freshman,12.141054207886915,4.636311641432933,84.62713581020154,1,80.93752370073197,B
Psychology,Freshman,9.201097968029657,8.233889130334893,71.00840800549848,0,86.01978276416949,B
Computer Science,Freshman,12.855919642936888,5.63425759909971,71.87959610366063,1,87.35166158285244,B
Psychology,Sophomore,11.55068780123668,6.873803152737182,97.19312360033233,3,80.97172662727682,B
Engineering,Sophomore,11.116121601867109,6.192297094836471,74.17736113352785,0,82.4188618838213,B
Engineering,Junior,14.4566668001737,6.034786671851185,85.97262046825651,2,91.48546320591211,A
Business,Sophomore,15.03003084018922,8.244744108640667,82.33286807802119,3,78.40331125605879,C
Psychology,Senior,9.87799540955789,6.779068918819298,80.42029978776529,4,85.5655381975659,B
Engineering,Junior,9.69672703742128,7.511853493557644,96.99500037061817,1,74.76280992492883,C
Biology,Junior,10.899793211393424,7.157771479008734,70.65470190326468,3,75.48954305793268,C
Business,Senior,2.7923153410576607,7.62933674450081,89.91369058526767,0,54.088344090192386,F
Computer Science,Senior,5.939235751205791,7.26913970195423,98.9018330264065,5,59.61888822264096,F
Business,Senior,17.467497069778098,6.045306998230288,86.80504550385525,3,86.65287402595895,B
Biology,Junior,18.579870854005136,8.096640137502426,98.10467386099276,2,97.34850842402102,A
Psychology,Junior,11.003855841774486,6.755619075154819,71.56773637858072,0,99.96798456484865,A
Computer Science,Junior,14.306227852223065,5.799076291206224,82.56379957222484,1,85.96527830453844,B
Computer Science,Senior,13.245000618174144,6.814696355130679,77.80473372886154,0,90.78304674282339,A
Psychology,Senior,24.31552323382095,8.550683811570881,91.9246289494219,2,100.0,A
Business,Freshman,16.478299645738307,7.965199567902144,99.4389127149174,0,99.2485800622043,A
Engineering,Sophomore,11.488329634076933,6.886213079032927,77.69590187332743,0,84.9840971277107,B
Business,Freshman,8.177838237598298,6.885668066113414,89.62523804422223,2,68.75739611309243,D
Biology,Senior,5.57421471896971,6.910528453904356,75.94292898279221,2,84.2364854488236,B
Engineering,Junior,12.813854543468892,9.069073185204758,86.95990763714829,1,100.0,A
Business,Senior,8.974597018862786,7.543741907008398,83.91797460065008,2,67.59845674902924,D
Psychology,Sophomore,6.310985161609303,7.587037482471963,99.16015988894611,1,67.07249485215738,D
Biology,Freshman,9.413708463029893,8.127255108628658,88.255818180894,1,80.66255854259269,B
Biology,Freshman,7.67380798554242,7.414910243123862,80.48519116260456,1,70.2884405735976,C
Biology,Junior,18.74856654029026,6.966862068761367,73.422873546638,4,100.0,A
Engineering,Freshman,15.526559027797802,7.02328513582352,74.53740486204804,0,88.86717994563755,B
Computer Science,Freshman,11.968109434733531,7.135558866527343,76.75950789853705,2,100.0,A
Engineering,Senior,17.919776555560105,7.166499987141143,77.52899984020894,0,100.0,A
Business,Freshman,12.309473230590473,7.854866589273282,95.51848173523413,1,90.5637332362667,A
Computer Science,Freshman,8.554863194686945,7.246751297226569,86.83668364847574,1,87.906716080709,B
Business,Freshman,18.09249630907863,7.859376069494021,85.70172734123099,1,100.0,A
Computer Science,Junior,14.155640174738634,7.127355077902276,73.44306615607653,1,87.32186109681247,B
Engineering,Junior,7.851015382694174,7.270771671284482,95.80419080048304,5,71.64865339251818,C
Biology,Senior,11.238645287665568,5.401619383921103,91.68442909625452,1,83.45259321250309,B
Psychology,Freshman,8.497526986460972,8.024694907232233,72.03005085700005,1,87.62469072704603,B
Biology,Junior,6.468801076142656,7.511839628308193,91.23505291689307,0,76.61160499920348,C
Engineering,Junior,15.704710190126566,8.098209098873687,86.30614652027938,3,84.08170420906099,B
Computer Science,Senior,19.637666561880522,4.59337015962568,72.45176037240334,2,93.67032612396895,A
Biology,Sophomore,6.405729704723435,9.079537234302656,83.7490192458597,0,77.12012829309052,C
Engineering,Freshman,14.251876946762284,7.074369334660344,84.54088861390142,1,91.36035845026089,A
Business,Junior,9.397429723512692,8.197364535063764,74.97323620489827,0,98.75072960864205,A
Psychology,Senior,10.051498464941215,6.264084665587022,98.37094441000846,2,70.42152008205923,C
Biology,Senior,9.630424303044524,7.751496514556313,95.49926114441986,1,86.85889217321942,B
Computer Science,Senior,8.544036921280735,6.2519259931437094,90.07067011987326,1,90.0876750831595,A
Business,Junior,12.194086511779307,6.638607935373775,83.86886683001822,3,100.0,A
Engineering,Freshman,8.676199534355849,8.922628218480108,82.35296624753525,3,79.23640191783134,C
Psychology,Sophomore,13.081827303119356,7.028385839312988,89.52920401452863,4,93.25403444759367,A
Computer Science,Freshman,11.799047562203452,7.395689585861751,86.36295608220716,2,91.60952187322938,A
Engineering,Senior,11.044207812534362,7.9830609576198786,71.86819317645657,1,87.83570247643173,B
Engineering,Senior,8.369745351833608,7.646113699175344,85.37507946310996,3,79.09184871288251,C
Biology,Sophomore,9.69291467772667,7.335377014629219,94.19210851698519,0,85.81528092894287,B
Biology,Freshman,15.021564903303023,7.5284649022196035,83.77719632790874,5,74.08217145883856,C
Computer Science,Senior,14.003668750497523,9.363074026714447,71.55869732662805,0,100.0,A
Engineering,Senior,8.089779020805796,7.148143082669773,93.588345981521,2,79.52915169907315,C
Biology,Freshman,12.397329221716904,7.380989142043471,76.04091346407924,2,86.56580882661628,B
Psychology,Senior,15.005548493487156,8.14558895640685,77.75862504664116,3,100.0,A
Psychology,Freshman,5.322378875514513,8.194973339662186,74.94119060296887,1,68.6022213853008,D
Engineering,Senior,14.17344076951974,8.268327275004342,79.90645194614493,2,90.3594526929297,A
Biology,Freshman,9.349504964216614,7.7748571998262666,92.70254517065905,2,98.16362313865382,A
Computer Science,Sophomore,14.282394674372638,6.171295578542565,85.58157578511812,1,84.0217212126348,B
Computer Science,Senior,8.946963373829933,8.670088379070986,76.14643822452138,0,78.28752972754003,C
Computer Science,Sophomore,4.780471597341924,6.168289146283181,96.33490234456123,5,68.5932678461302,D
Psychology,Senior,5.489830248467349,7.47237191871513,96.38745564854588,2,80.01206028173726,B
Biology,Senior,12.192339786645528,6.521151734982578,96.11735275138021,0,88.26729519192054,B
Biology,Junior,13.038890006885927,7.142275488066307,77.16388634144617,1,79.0579684700304,C
Psychology,Freshman,8.382733499582365,7.495886169273133,83.53718032542965,3,75.42849444797338,C
Computer Science,Sophomore,14.554369835109496,7.489221493905246,99.54968968422625,0,88.39461041240106,B
Computer Science,Sophomore,5.3539197509241605,7.579728678811756,93.16037428929971,0,72.53044810846642,C
Engineering,Sophomore,11.735680805410734,8.652340142152783,70.8150226367668,1,92.20375725417142,A
Business,Freshman,7.155935200950173,7.608180871362582,71.95613773781476,4,80.50097479623804,B
Biology,Junior,9.392655568791364,6.980259028238416,83.91794130436998,2,66.92613676131141,D
Biology,Sophomore,12.189594685265655,8.067678451459521,97.27660617584681,1,97.43015388526058,A
Biology,Freshman,8.55834653886419,8.270523440032177,86.16105393858143,2,83.25469831352248,B
Business,Senior,10.461777823080698,6.095152966376707,84.9343752410287,4,93.23489704109384,A
Engineering,Sophomore,16.025171236857762,7.737660062864872,73.16421099869892,0,100.0,A
Business,Sophomore,9.692432521907405,7.831055468079809,89.70340314172881,1,91.8805184122021,A
Computer Science,Junior,15.342768448260568,6.932192846976007,94.66309481800677,4,97.88474234823826,A
Computer Science,Sophomore,7.481172581369528,8.438136131980457,81.41260022522687,1,89.88558992660563,B
Biology,Sophomore,14.119216711661132,7.0649499716707265,93.26835552775982,0,95.83770681130281,A
Psychology,Senior,17.7662744826316,7.313018808124388,98.93429961702435,1,99.27201010243287,A
Biology,Freshman,2.1134219994908428,7.044235358144517,76.11299377383067,1,83.39535919967167,B
Psychology,Freshman,8.812418978118092,7.214021142823321,85.69988893584224,0,87.32065044433392,B
Business,Junior,14.30828850872216,6.213352421794319,78.61413874253726,0,95.38821871991553,A
Computer Science,Senior,11.18781845582803,5.903954205665135,93.78563257101519,4,73.25869657901268,C
Psychology,Freshman,13.484583493485236,8.635054556902475,87.32780097643473,2,82.31220458131293,B
Business,Senior,9.584059253136719,6.437734786513505,89.0374725265091,1,83.08325639380587,B
Computer Science,Freshman,12.3463591498916,6.3077468854893235,93.93742478847682,1,87.78778004014144,B
Psychology,Senior,11.377291058431682,5.261948897756657,81.87911417987365,1,78.00998315511816,C
Biology,Junior,16.671128246639228,6.624934427079448,97.4527020522113,0,97.74174538012196,A
Biology,Sophomore,13.017683373204852,6.009219185933252,85.9908660173842,1,100.0,A
Biology,Junior,13.350410648300809,8.677813644122732,74.73864468506044,2,97.95084368884827,A
Business,Freshman,10.352492135510131,8.10883538040837,90.87697354506408,0,75.81066769071293,C
Biology,Junior,10.049575103710026,6.580664689340049,93.79784051314763,1,81.08799164502858,B
Engineering,Sophomore,10.269767248721516,9.227192224809878,79.5028503120258,2,79.99454443758167,C
Computer Science,Junior,13.577808569513188,8.083588938292435,95.71537770996258,2,88.89496292909918,B
Business,Freshman,10.316062076718948,6.90765175484224,97.184297642973,1,79.7478888760079,C
Biology,Freshman,13.159099427585652,4.950534856613784,78.30713462133427,1,82.55465636477707,B
Computer Science,Junior,20.301603194581755,9.261848315331669,99.50564418145666,1,98.51521652529021,A
Psychology,Sophomore,15.48449881372677,5.949384779912764,74.22134584146275,1,91.96873710792252,A
Biology,Junior,10.695905871328636,5.719141127738798,76.06047005207469,1,77.62484351375271,C
Computer Science,Sophomore,16.804855688655778,8.120313388808677,75.52674517714078,3,75.71556307823758,C
Engineering,Senior,10.367698507913794,9.395777165705345,96.81969130023612,2,100.0,A
Psychology,Sophomore,3.8475018592885846,8.445845536659467,89.62877656974885,4,79.84342962915747,C
Engineering,Senior,7.967654756330384,7.707518208047124,74.56312849666818,2,76.07971197659757,C
Computer Science,Junior,4.516832315896577,7.735278907498758,83.20970255105047,2,71.69050185414538,C
Engineering,Sophomore,10.593946063834766,7.968074002902277,88.45894075209407,2,75.8855575662494,C
Computer Science,Senior,12.073673516758207,7.883035730808089,72.5039225496815,2,100.0,A
Computer Science,Senior,18.70574924910113,7.453072281572439,96.47249105222016,0,100.0,A
Engineering,Senior,13.30770949505665,7.293780993556688,94.10810606324605,1,91.47118220543187,A
Computer Science,Freshman,11.123597884764543,7.14366618489043,85.15620320729914,2,93.37565977730038,A
Biology,Junior,15.317622324733957,6.521431870019992,99.01379845777511,1,94.8832111509161,A
Computer Science,Senior,3.1554587639684595,6.947392430819903,82.53282937825298,1,56.66929441595302,F
Business,Sophomore,12.942458232434264,5.676338867224153,99.52330957109493,1,83.69332946048235,B
Computer Science,Senior,15.083460775547866,7.111494335884725,90.03759996410881,1,94.90627894420805,A
Business,Freshman,6.085655016880634,6.3102680035641745,89.04013819761825,1,69.2174612925361,D
Computer Science,Junior,16.575016172827716,6.206769614505807,74.97864685887355,0,94.0259637824994,A
Computer Science,Freshman,13.353985629977657,7.361904736038131,96.45783274913933,2,89.69042902993512,B
Engineering,Freshman,10.338848344396794,8.452802057710139,82.82469063761846,2,84.77764146131447,B
Biology,Freshman,14.53112746442514,8.026484945402082,74.86700217347438,2,94.4262757638183,A
Biology,Sophomore,21.082771431217584,5.786549456739141,70.37822559927277,0,96.5770808026146,A
Psychology,Junior,12.72746502023398,6.309334677086697,86.79267050915148,3,81.72829586712132,B
Engineering,Junior,12.992882345201345,8.046694069189394,85.82198866368029,1,80.3777081376273,B
Engineering,Sophomore,10.162556401839023,6.315761345815521,91.58060867107476,0,89.65379050025874,B
Biology,Junior,8.600622522140833,6.997830165002678,96.70774159053406,1,62.57293926149124,D
Engineering,Freshman,15.321343266176982,7.6950468891220964,72.38219753929089,1,100.0,A
Biology,Junior,8.57566469636453,6.328489990622728,91.94489471021087,4,89.44999249603882,B
Engineering,Sophomore,12.28626494887757,7.2948379555313645,75.62235832292747,1,85.55459512496674,B
Computer Science,Freshman,10.089370212939533,5.999377054573616,95.74531159471492,0,60.37058334770901,D
Biology,Sophomore,13.915919302985568,6.658769120443908,94.57190541584968,2,87.71269165149579,B
Biology,Senior,13.334648421147794,7.487803740728284,86.22381264956633,1,90.05445884730702,A
Business,Freshman,16.150159777031597,5.766305639821498,91.30728395869934,1,86.09502420977044,B
Engineering,Freshman,9.959934404581013,7.596427264164359,79.43050339551245,1,79.18474943585883,C
Engineering,Junior,10.920500258826515,7.182325980965987,84.13503696798443,1,97.04015113177412,A
Biology,Freshman,8.08494513687077,7.697240958975433,94.64910693131415,1,84.65215803799278,B
Computer Science,Sophomore,10.222826959695553,7.401522720658195,83.77795591519642,3,76.19599047729271,C
Computer Science,Junior,13.509201972179408,8.42772638697646,80.73394795976326,1,79.58104056249594,C
