activity_level,age_group,weekly_workouts,avg_daily_steps,sleep_hours,water_liters,resting_heart_rate,vo2_estimate,fitness_level
Moderately Active,18-25,2,8777.054703300571,7.091257371974347,1.9073028110081285,75.36317582011549,34.52819571647443,Fair
Moderately Active,46-55,6,8414.654829842519,6.982430308857696,2.0678653470682056,66.11243059298215,44.19962316821865,Good
Moderately Active,18-25,3,2593.0018519703817,6.251389954356677,1.298395179591223,72.64054204874121,30.161652344296883,Fair
Very Active,46-55,3,9700.413280784156,7.362440009226038,1.8460064523191506,66.42554352308903,40.170104758914384,Good
Very Active,26-35,6,11357.53347697738,8.088840723359752,2.695475535653741,66.54824766939844,46.303062364153405,Excellent
Very Active,18-25,2,7628.073128985761,6.2063820576906705,1.997698026538784,73.48221238962186,31.31146980432906,Fair
Moderately Active,56+,2,4536.75679850594,7.130023210248405,2.5416413378300504,71.97449048941819,32.00626673762252,Fair
Lightly Active,36-45,3,7698.8413371557945,7.909171869138774,1.4229474643765587,80.14806186034318,35.56028277592947,Good
Lightly Active,26-35,5,7544.38228893437,6.957430523871391,2.056655325124438,59.65893941862478,46.2848484335986,Excellent
Lightly Active,46-55,1,8081.50524879467,7.502816411420963,2.160551459859408,71.51387696734254,37.08835781665323,Good
Sedentary,36-45,3,9357.001719544522,8.779597441517856,1.27146591548374,63.79189805470893,41.164506424849186,Good
Very Active,36-45,3,7552.8422065948325,9.01930993200601,1.6710074798363395,68.24507689480288,39.85260676038604,Good
Very Active,36-45,4,7605.701565773011,7.329350747293284,0.42944001368768125,64.44749166128776,40.10645664059791,Good
Lightly Active,18-25,6,11715.316872021485,7.778849929868079,2.8106271873310305,68.02273669257318,43.404139919512325,Good
Sedentary,26-35,2,7829.035896951599,7.108893424213352,1.1168606534018342,71.7420822467263,34.96522473984694,Fair
Very Active,46-55,2,9410.919704901753,6.4226093289514985,1.5504754244882328,69.90059119062657,36.0226362489539,Good
Very Active,46-55,2,8428.451584742004,8.430179463362617,1.3335422124139504,68.3754255106692,32.709285688807626,Fair
Lightly Active,36-45,2,10730.415800602332,7.8640157807136415,3.154392743960802,74.06568461721338,40.236385543226106,Good
Lightly Active,36-45,3,4675.596585698492,6.905654985820474,2.1702911706325536,72.98892567830242,38.78196465268395,Good
Moderately Active,18-25,4,9950.321954986328,7.628778689016161,1.6843529998262161,71.89025162187873,41.59306777314644,Good
Moderately Active,36-45,3,5272.608551218867,7.775598570893383,0.9922427977137795,74.81187887598104,37.77918745741053,Good
Moderately Active,36-45,4,7689.377617269052,5.143176241332182,1.5276358451625016,77.5617738358784,37.69938962734047,Good
Moderately Active,56+,3,10408.320359848241,7.37738170696264,2.5451836194530113,69.65420609917834,34.56792663182952,Fair
Sedentary,26-35,2,11290.913025671478,5.649786095098812,1.5280847097505548,66.01926952212433,33.68225087745642,Fair
Lightly Active,56+,2,9192.689498621952,7.618468067579904,1.79731536669864,69.08049257378552,41.214270071937705,Good
Sedentary,18-25,1,10529.275824255892,6.916374296899252,1.2350419362592464,71.84430936489397,39.87146284277651,Good
Lightly Active,46-55,5,8655.0334517458,7.99720348748021,0.7451221191858988,72.44538521159538,40.953168439066005,Good
Very Active,36-45,3,13881.70565649082,5.814255163861887,1.348392465544395,73.23455020945589,47.4914368950499,Excellent
Lightly Active,46-55,3,6686.763673200136,7.169928723763436,2.3483053381060603,76.92780392599211,36.49880586791616,Good
Very Active,18-25,4,11051.190832034004,7.0835226183123305,2.6916427216197607,67.27029909349535,42.21355645592102,Good
Lightly Active,56+,5,8123.947140502802,6.810014764390943,1.676307730359879,65.96510567794596,43.695261227374324,Good
Moderately Active,46-55,5,12145.051943822797,7.724284106981699,1.5524564995996046,74.1693818330982,40.81542692137375,Good
Lightly Active,36-45,2,9308.341324785659,5.1999692670467965,2.0787265320065123,70.10640200516353,41.355062773190255,Good
Very Active,46-55,2,5198.000054095992,7.0262014309616925,1.6427412989653087,76.46338705275366,38.51819501716936,Good
Moderately Active,18-25,5,11773.881428810366,5.949488933856282,1.852215163037466,66.02899469333337,44.25163146329546,Good
Lightly Active,18-25,4,6177.229719116687,8.183722745996482,0.7078371631683398,72.3128650237307,40.377371393559756,Good
Lightly Active,26-35,2,8768.147178976633,7.733571501519979,0.3,75.98823253386779,39.20078726870416,Good
Lightly Active,36-45,6,7682.05972410707,6.825137172159797,1.8683998583680608,70.861459438453,35.14652423219292,Good
Very Active,46-55,1,7537.961719649804,7.741860848380578,0.7676122377197228,79.50811949477608,32.24272332633082,Fair
Very Active,18-25,6,6519.86972103974,5.642780174664477,1.604802617931732,64.45380002851661,36.311406255127054,Good
Sedentary,56+,4,8822.310705099135,5.571821169371383,1.5403506084198026,67.45596564478967,36.77252294830282,Good
Moderately Active,18-25,2,10694.438008691732,7.229317191122045,2.1888074243562823,70.37343810184407,34.2207392928612,Fair
Very Active,46-55,2,6661.906588275846,6.736513431123809,0.9760207862881383,70.33005680596631,31.241800603326425,Fair
Sedentary,18-25,3,9529.695126455259,6.226535764772259,1.0469233090500007,69.16164829025644,37.247526880411485,Good
Sedentary,46-55,4,6634.065477266393,6.126210726674237,2.1754537362127766,76.74942881051058,41.56241650262798,Good
Sedentary,56+,2,9068.368521709925,5.843585737014539,2.05016255243909,79.44727578908923,39.92886615739684,Good
Very Active,18-25,1,9409.957153905914,7.230817607902604,1.3489666426540299,72.32851266911447,43.25516743094204,Good
Moderately Active,36-45,2,10396.271566954918,8.318214770169547,1.4976145550740956,67.95330618082718,40.95387878941211,Good
Moderately Active,46-55,1,5650.468448042069,7.0381432955524135,1.6190555807001406,77.186376181137,36.80578523725866,Good
Moderately Active,18-25,4,2975.182057248927,8.114849338076072,3.0634164033318374,69.47134634540313,32.18797703934436,Fair
Very Active,36-45,2,9092.390671651587,5.7686868842697505,1.6826938660519692,73.06993451394135,36.07429205124836,Good
Lightly Active,26-35,5,6827.195914807099,7.911719556480081,1.2149917124998892,64.67064456419001,36.036817278225975,Good
Sedentary,26-35,2,8308.453751676387,6.38277760983004,2.056680221495422,70.20368269613522,38.57257084585187,Good
Lightly Active,46-55,3,10606.581981530066,7.379428832953748,1.2433820757852745,70.86339002562644,35.47793435003241,Good
Sedentary,26-35,3,6427.675582815837,6.084751394965998,1.7007763797485218,74.91326037756689,35.56570334992046,Good
Sedentary,36-45,2,3769.8602525630185,7.150267141477341,1.0071591920848242,71.63068462069039,37.42530577466092,Good
Sedentary,46-55,1,6747.423151233027,8.240397478329877,1.483269331784205,70.29306872556688,31.73465031145503,Fair
Moderately Active,56+,3,4859.56964414777,7.843642552948717,1.5304314721505807,61.3099037044127,31.38601890378224,Fair
Lightly Active,46-55,4,10775.2807041308,7.622435086384203,1.7720189644719773,64.17440914246174,37.51389421723182,Good
Moderately Active,46-55,3,8480.378497183254,7.636805283670735,2.6751019238969707,70.81515277010391,39.3424743954151,Good
Moderately Active,46-55,5,12206.090757648264,6.561759648750596,0.8554203921714523,75.83372386584288,41.94153762245686,Good
Moderately Active,26-35,3,7976.374126301373,7.766315211969903,2.199702359613814,60.04500161272213,40.15021480391735,Good
Moderately Active,56+,3,8923.161385511266,7.063523133570938,1.8987241408338147,72.31542640657594,42.05951284568257,Good
Lightly Active,56+,2,4878.801649980862,8.06110407250022,2.3625104713168064,68.61111337162355,36.14039078219541,Good
Very Active,18-25,3,12662.679026513339,7.34428703068927,1.2589853867959397,68.93894032044356,40.35908206041681,Good
Lightly Active,36-45,1,11532.050139549961,6.81221185589884,3.247984626369723,71.78721976717333,38.22058409754952,Good
Lightly Active,46-55,3,12458.33082858345,6.863033044186499,2.602697899249223,65.22526690139695,36.27470863770348,Good
Lightly Active,36-45,0,7031.877014334198,8.293671418003619,2.7487554400994796,77.67691968361846,31.59672984918166,Fair
Lightly Active,56+,2,8493.429493741682,6.568156415484725,1.8512880956827642,72.184509766986,37.56869950422631,Good
Sedentary,36-45,3,5711.951963713835,7.389708400001702,2.0438215323252655,66.53885960293276,33.32558938093473,Fair
Very Active,56+,1,9595.236508460872,6.869351544195317,2.1639474187637213,70.61556255173677,35.297255358243525,Good
Very Active,56+,2,5801.637789170343,6.241692100951952,1.23848812129889,64.62746799749878,37.7689442411948,Good
Sedentary,36-45,9,10764.405291506451,7.572960269235146,1.1049920093720478,59.29765441007635,43.688415461489924,Good
Lightly Active,56+,4,11285.282709647234,6.758963736326948,1.286746931513116,66.17838871646526,40.78467956382371,Good
Sedentary,18-25,0,5970.180406777921,6.658549419581257,3.2934549442849823,78.70514587092156,36.18059213967247,Good
Sedentary,36-45,1,6331.682272931286,5.411927503268846,0.34077237123500725,74.72809509168147,35.07291208964929,Good
Lightly Active,36-45,1,12816.742824625268,9.254933937805559,1.865660543422918,72.56448563718013,40.04605139806772,Good
Moderately Active,56+,4,9041.919383311626,6.590397754956647,1.4484724865010816,66.2948671279411,36.303626187751966,Good
Moderately Active,36-45,3,6186.230755868268,6.833966712270272,2.2418670471267528,72.48898450907292,40.84823346379447,Good
Lightly Active,26-35,6,10402.884201327639,6.845653242647523,1.9867756510167076,62.042392536907464,39.626265886412064,Good
Lightly Active,46-55,3,10679.580628566033,7.5562884945322875,1.15042496837934,75.34876895230117,39.99918349214279,Good
Moderately Active,46-55,3,10213.834935585026,7.318657800535835,1.870365986278659,71.46829834474126,40.84179025464193,Good
Lightly Active,46-55,6,9896.050975599841,8.183704333800684,2.5605749314282886,61.18714174451379,43.54609206736418,Good
Very Active,26-35,3,7310.13331382553,6.4858051467093,1.963555534788032,73.70282369870104,38.44252688929694,Good
Sedentary,36-45,5,7687.293519196396,5.061850759779095,2.4337821176272163,63.881280177281084,38.33761015016234,Good
Sedentary,36-45,6,9739.440742060317,7.4489946648262215,2.114963426934987,61.41534576357259,36.28960364856256,Good
Very Active,36-45,1,8616.739822850885,8.50075107344275,1.8099732705820555,68.6335387647447,36.096571570162034,Good
Moderately Active,26-35,1,6354.047569867926,6.242645448168945,1.0130326828819856,81.7812498914135,36.97048809283145,Good
Lightly Active,36-45,2,4506.261106807802,7.246971972863715,2.658540827364377,72.63064991693552,35.13836614412391,Good
Moderately Active,26-35,3,9552.003552421946,7.282621624633084,1.9209186892960055,67.60161780056545,40.3416367335844,Good
Lightly Active,26-35,3,11381.674397686129,8.18924710688223,2.633762551300202,66.42555801773985,38.2759325355185,Good
Lightly Active,56+,4,8661.977444171238,6.455004997285617,1.1312742691062183,68.71926147476607,40.030924308812025,Good
Very Active,46-55,4,7913.297364562816,6.607631439009195,0.6440246898058417,68.77304201418157,34.5677456080801,Fair
Moderately Active,56+,4,7137.864710707903,7.323955482420799,2.373314267499968,63.495405738340786,36.27910857843646,Good
Moderately Active,56+,4,8682.16278566132,8.197933705759981,2.642347493492448,72.31550900545069,44.05292024487882,Good
Moderately Active,36-45,1,4174.567110107443,6.7685883505821325,2.0149766664239284,78.9070780426068,33.47988069756682,Fair
Moderately Active,56+,1,3220.210488482863,6.6090624948587156,1.5710856370667998,74.6081294261948,35.82942994379631,Good
Sedentary,18-25,3,11033.360061488269,6.973308671467609,1.7926831002612624,76.34257663389914,43.21226198180727,Good
Moderately Active,46-55,2,2306.680831420679,7.558018653916728,1.4830814786725397,69.6785984233235,35.77712079971762,Good
Lightly Active,36-45,4,5632.780619243211,8.050275930571164,0.8143136077746481,70.38692736638001,34.002539800744074,Fair
Moderately Active,18-25,1,8106.961494081653,6.370485186452762,2.174677925371449,71.01143202695137,31.91421346105159,Fair
Lightly Active,56+,3,6815.062534492751,6.98161305463273,1.961889668472778,69.03554574837854,27.8448466677231,Fair
Very Active,26-35,0,7262.542042245354,7.824557945888121,0.887557361107891,81.16662924718919,32.10674412192082,Fair
Sedentary,36-45,4,12151.260289670287,8.056360167374653,1.2950235638364336,60.521427278119795,42.71194298376873,Good
Moderately Active,46-55,1,7341.235623270467,6.510512185550517,1.9970626790723087,66.00682411886058,36.47571926728611,Good
Sedentary,18-25,3,5529.080693254192,6.133707331645381,1.4636825960885274,69.41628410051918,38.18481728358877,Good
Sedentary,36-45,7,11376.13089253117,7.563388086167863,2.4354437440575754,66.08893952726629,46.63339257776098,Excellent
Moderately Active,46-55,1,6935.1506730486235,8.070780992942531,2.774649654713513,69.52445005812913,30.078804640822767,Fair
Lightly Active,26-35,2,8678.75746419761,7.430015017730009,1.6420452395712806,78.31930090511055,40.17191436705116,Good
Sedentary,36-45,2,8118.112684102771,5.787540552866792,2.7416696355444277,73.39735548634705,38.49955403658411,Good
Sedentary,46-55,3,12583.103918950646,6.582516328556601,1.56055840624905,76.18847125257437,47.133429437519204,Excellent
Lightly Active,26-35,2,8268.546160966289,7.186563409971487,1.2569253078005453,78.80907005146398,37.80677262075322,Good
Lightly Active,26-35,4,5415.965693143786,6.830837479047169,1.974729973908772,62.05885604146766,34.248009224533185,Fair
Moderately Active,56+,2,9200.7323996106,7.213035517642624,2.353775487705322,73.80151543300717,33.38534890610906,Fair
Very Active,26-35,3,9926.50022876298,6.58706928094492,1.6131074209059442,72.63885172971646,40.01255404800739,Good
Very Active,56+,0,9648.578901211939,7.168765987774925,2.176573609989103,71.75286217302522,34.916056741487054,Fair
Moderately Active,26-35,6,9269.685054574235,6.711196782366468,1.8127625800249272,61.63423398883854,39.768186980599985,Good
Moderately Active,26-35,2,8277.425901351435,8.335869214554842,1.4508509390107784,78.06035714149735,37.938313248010886,Good
Sedentary,36-45,2,7859.625552571553,7.586504199784865,1.4616387688644914,74.08120982313606,34.60477882859437,Fair
Lightly Active,46-55,4,5317.494858120381,6.442672218329636,3.309517431546632,67.41446886128776,36.30248555741449,Good
Sedentary,36-45,1,6424.5678693559275,7.868372365538404,2.780527173778083,75.55400286101144,29.449954251127497,Fair
Sedentary,56+,2,7868.425273765687,8.202593311366671,2.1211615127045427,75.70259841760918,39.604846359965066,Good
Sedentary,26-35,3,8950.937977167943,6.6865894268262105,2.5552620898846063,75.09565575606022,37.354933805671656,Good
Moderately Active,46-55,2,7841.634156664717,5.395260815829237,1.8624438032607962,75.01982992452298,41.421554301774066,Good
Sedentary,36-45,5,11961.379215034358,5.571429324243043,1.1310682728224002,74.22577107949769,40.735948703356826,Good
Very Active,56+,0,3414.3226079326896,7.021161824775884,1.7426906728239846,72.15468459718059,31.35049892240749,Fair
Sedentary,56+,6,12550.597804388277,5.615697729541015,1.6303067912276703,68.51790257344054,40.84847252521868,Good
Very Active,46-55,3,12247.469264843714,7.5052879512357915,0.8360319557777796,69.4588476739858,44.57713629650863,Good
Sedentary,26-35,4,10452.912667486315,7.9877232414876485,2.334613577281104,72.75701026884705,40.921333459039104,Good
Sedentary,46-55,4,4737.802069110119,8.75704263404879,1.7252053204580993,64.6047984350417,34.287052089907576,Fair
Very Active,46-55,4,6844.288196790365,6.839313678656592,1.236411315798723,72.3591312700894,37.18890391633992,Good
Sedentary,26-35,2,11770.763531524108,7.410437754342806,1.7074229677049524,74.11924632943584,38.56931015935508,Good
Moderately Active,36-45,2,5563.869806838666,7.553281048777681,3.084079336604432,72.84004348106902,40.06532301450763,Good
Moderately Active,46-55,3,6121.343325313525,7.414234657743634,1.6720861428068474,74.35917307624673,36.17542951906259,Good
Sedentary,36-45,2,8571.5263581444,7.0142541992892715,2.1257555749865475,69.47784768380406,32.47858471317601,Fair
Lightly Active,18-25,2,9653.943908068562,6.6251398360641645,1.5623678422775125,69.35779996794682,36.27806961187382,Good
Lightly Active,36-45,4,10044.85695003948,7.4840996257668495,2.3881790635570748,70.6076002216144,38.82628195617873,Good
Sedentary,36-45,5,13388.896164105425,7.376862351745711,1.1574087917551446,64.47161272033388,39.84931868361665,Good
Moderately Active,36-45,3,4995.532579452301,7.799239056588817,2.380820900497941,65.36080590276669,35.57252127522547,Good
Sedentary,36-45,2,10045.76623849256,7.927600812434672,1.9540015029206037,81.56492226224798,37.49091871842094,Good
Lightly Active,56+,3,8507.472759184571,5.960774796412333,1.7835938174821362,67.20933448234379,36.68370442926354,Good
Moderately Active,18-25,2,10455.663171409848,6.448735601449205,1.1847905526842348,71.15822093673707,37.9171342601264,Good
Moderately Active,56+,4,9206.435033564867,6.2468092820984005,2.502092597950097,66.76929187596943,43.91575420253935,Good
Sedentary,18-25,3,11998.933307449694,7.093674507495076,2.007223109915734,70.44514104981569,37.97814367067065,Good
Moderately Active,46-55,3,2449.2540052233217,8.236441707292999,2.4717036326883566,63.88418223556288,36.583483762879276,Good
Very Active,36-45,10,8902.658237784013,8.53721177398235,1.7604975043513715,57.067996576114986,44.81890781678604,Good
Lightly Active,56+,3,9854.716648758273,6.257995668535412,1.6649693656757547,77.4127148063819,39.0059429894252,Good
Sedentary,18-25,2,8604.41804512535,8.11502407323712,1.599864269015936,70.36656989015921,39.45293243762158,Good
Lightly Active,36-45,4,11363.811326323284,7.490926386923785,3.185968524556457,64.20406568561529,42.39118006388146,Good
Very Active,46-55,0,6454.00220762841,8.599218634100252,1.7411005113253482,72.81905695983806,34.26088178067625,Fair
Moderately Active,46-55,7,10813.370300538052,7.080681049725357,1.9972736340064696,60.122098867324034,45.072288953095175,Excellent
Very Active,56+,1,3557.7212142775884,7.435098575170007,1.1165711106581742,73.87101371642454,34.49471986268262,Fair
Sedentary,46-55,4,12060.15060853842,7.367361990438647,0.445815213626392,70.2074038535531,43.7286041644182,Good
Moderately Active,46-55,1,9151.783648763756,6.304008113914814,1.2320537827711524,78.09658722052068,40.59704042673837,Good
Sedentary,56+,7,9489.571898070733,5.377194211166104,2.167394101993237,65.92861062223174,37.448966755253636,Good
Moderately Active,36-45,4,9693.938757596354,6.492119460845415,2.998183390641075,66.95470149181577,35.19823647667928,Good
Very Active,26-35,2,12256.61299256327,8.07270155752588,1.651061243377796,76.07512321257082,42.90776946217445,Good
Very Active,36-45,6,11846.244358027447,7.392306844028881,1.255745564210804,65.3470085599287,44.63736633806408,Good
Moderately Active,46-55,4,11045.705884278097,7.796207218131635,1.7264503939036193,70.30213686099675,48.12023132579549,Excellent
Lightly Active,46-55,4,3738.88215920743,6.074124279838593,1.5200221604914455,72.61565403642138,41.2002854823174,Good
Very Active,26-35,1,6699.59772938524,7.167159501559141,1.941743792643074,74.97524901632404,37.198541508334955,Good
Lightly Active,18-25,3,9280.579182365116,5.746160985933141,2.264911456872517,76.1933514992026,40.32986161696831,Good
Sedentary,36-45,4,2470.56027288924,6.912621771608887,1.0953319335460163,62.15085893816242,36.929944112722715,Good
Lightly Active,36-45,5,9625.569930078054,7.183293307992465,2.525735764540906,71.60260577979169,38.89056859458741,Good
Very Active,18-25,3,7771.495539185739,6.769594580586526,1.9371566184851678,77.77756393813667,42.93015805013215,Good
Moderately Active,56+,0,8142.820401201018,7.869261269785945,1.854679165773041,66.40460000288459,37.161855256290785,Good
Lightly Active,18-25,4,4993.301629767239,6.275735143158378,2.2543100522863995,77.45053498757663,41.682887529741045,Good
Lightly Active,36-45,4,12526.181595114826,8.6121574781706,2.1040223374872165,65.69561698828416,33.63902523713138,Fair
Very Active,46-55,5,5595.604251140419,7.68431199682688,1.7909576046148308,72.9138257084775,34.0137734919283,Fair
Very Active,36-45,1,7536.504627442684,7.057502882826971,0.975255796151098,69.5934623047925,33.375262464733325,Fair
Sedentary,36-45,2,6402.561038515755,6.765415758340714,2.06881622215957,75.09979646261702,30.75116694537973,Fair
Sedentary,26-35,5,11601.771019952375,8.440724334490234,0.8758083306877454,58.50229381182957,45.58390374914213,Excellent
Sedentary,46-55,4,8211.924020402499,7.168234373072666,1.4000127140701284,70.94995624190526,36.209930227253764,Good
Moderately Active,36-45,2,7959.857938623267,8.003943278186865,1.9167545977962033,73.55238449205181,36.643918256913516,Good
Lightly Active,18-25,4,15239.365848355352,6.2348092188852435,0.8711226442129447,74.61738893719709,45.11865202219434,Excellent
Moderately Active,36-45,4,8519.194224249368,7.231259243313685,2.6106834124789335,65.4995146282844,37.94768363618548,Good
Sedentary,46-55,2,6851.726308607916,6.885188048994403,1.3816652956492719,69.30472066253358,34.91097266060074,Fair
Very Active,26-35,3,8853.648287361915,7.882740254206638,1.6711295665015071,69.25308692855198,43.771463722705505,Good
Very Active,26-35,4,10195.605754491058,7.378435720093464,1.5841874799553421,69.92849568687224,41.468563588936505,Good
Sedentary,18-25,1,8076.191100668466,7.088761198545947,1.1594383801038224,71.62339480128014,38.86878745598568,Good
Lightly Active,36-45,3,9771.03450382673,6.445529527259044,2.3294994171055423,65.67491861908152,38.59413503881867,Good
Moderately Active,36-45,3,12880.194586491276,7.776575328611577,2.4105438128136063,67.82287752996356,42.649804823279226,Good
Very Active,36-45,6,11648.61038257645,7.444881296085656,1.3738989096003629,65.94367020250826,45.11065761966025,Excellent
Moderately Active,26-35,6,11952.08758111185,6.740209326184918,1.1921603564726164,59.82023871839715,38.944972540037206,Good
Sedentary,18-25,3,5257.974460514904,5.432250354028106,1.88040331168333,72.13571951553145,30.996151003626366,Fair
Sedentary,46-55,7,11470.113088739048,9.313173671631517,1.6387105767917278,65.3293578245216,44.08848483406631,Good
Sedentary,26-35,3,8452.586321961613,7.658510837876843,1.7182176229918433,60.989184660466336,38.87500082258417,Good
Moderately Active,26-35,3,7953.430203501828,6.974110146421374,2.318703758206001,71.454630073918,37.56121615056056,Good
Very Active,26-35,4,7065.4770663701,7.746743879604146,1.1868075472756785,59.58289256693251,36.93169936270605,Good
Very Active,18-25,4,7164.109559241142,6.2788195172876655,1.2632928487445882,73.90919601016193,37.634233219978434,Good
Sedentary,46-55,1,1617.7887163489759,9.251043598873247,2.241464355590133,67.26589573054368,34.865072687496486,Fair
Lightly Active,46-55,4,9316.095115915417,8.54797556714045,2.619597348306454,64.78575996696046,40.73141085254682,Good
Moderately Active,26-35,2,3604.0072730485854,7.212161283962593,1.8090356872248292,75.65575280946106,36.23371335504763,Good
Moderately Active,56+,2,8077.276212460284,6.230940269440996,0.9783065309025507,69.03444628412424,34.197164870203174,Fair
Lightly Active,56+,3,12415.024786812592,7.046826000124044,2.731260754565124,72.41807324420893,43.18956991907922,Good
Moderately Active,18-25,2,11534.100384040386,5.565668167923055,1.4850123665797152,69.97802742198762,38.45439475176537,Good
Very Active,46-55,5,10310.11589284439,7.256415009036955,1.0159270978094819,69.55612087654964,42.513299874528755,Good
Sedentary,56+,3,5005.07107130345,7.013880608236043,2.117762493165875,69.11937149897304,31.44944451241667,Fair
Moderately Active,56+,2,9178.730165821651,8.169440838156815,1.3750941440838051,71.42773208196424,33.75210839621722,Fair
Sedentary,36-45,3,8362.436484930422,6.22525226832304,2.357928172909054,66.51411569205567,40.71534544697514,Good
Sedentary,18-25,1,5432.291964471504,5.993057320989587,0.6816899982346956,71.03588069900312,34.483107266158534,Fair
Moderately Active,56+,4,10441.596640546977,6.680167000089228,0.9978918910887183,71.01269973410156,45.71247959874129,Excellent
Lightly Active,56+,5,9344.790891457556,6.599278507602094,0.5441449541442698,69.9292854943956,42.55249253829438,Good
Moderately Active,36-45,3,11080.426111478842,5.729570954110373,0.6957332570716883,72.6969565022812,37.43760859820303,Good
Moderately Active,46-55,4,9708.208660033193,7.2299284129596115,2.021863270075451,65.4252856014705,42.33806358004475,Good
Lightly Active,56+,5,10242.343200052914,6.584555972174279,2.0457015064102335,72.7949822554322,41.51897513188674,Good
Very Active,18-25,2,8355.121284031275,5.321317022932211,2.0497287516722578,74.71908710397956,39.856892479558134,Good
Very Active,56+,4,9541.205371041138,6.49813508969872,2.510348720604867,73.81538509812323,39.62768596873159,Good
Sedentary,46-55,8,10159.593713407467,7.659508855221516,1.2641272287218794,63.54970744365163,41.99182549275645,Good
Moderately Active,46-55,2,6934.770331524048,5.696622554840035,1.361272448292063,70.29446325715932,37.83251951556086,Good
Very Active,56+,3,4842.900734089112,5.892846631241699,1.9300641168761241,74.5646072013307,40.555586448111086,Good
Very Active,46-55,2,9960.674787621065,7.232672575338431,1.1066929261823528,74.11429104166007,40.12555446988202,Good
Very Active,56+,3,11785.634650685432,7.795685674250502,1.4035704003641643,66.39635315026635,40.10577421926139,Good
Moderately Active,36-45,3,1499.1563475377443,8.017084648091938,1.699182957163212,68.38558196202273,35.97852067334876,Good
Very Active,36-45,5,7984.556215189263,7.4483541318362665,1.5785518061352677,74.51626055432645,39.23433034384035,Good
Moderately Active,26-35,4,9543.785376200067,6.523535013262612,3.0656978933798547,62.242508732193244,40.593693127111095,Good
Very Active,56+,1,9544.649869282728,7.160693131089499,1.7382617405808127,80.44067947565871,34.84212116776365,Fair
Sedentary,26-35,2,7478.187132923251,6.524323563534219,1.325952372107856,74.21594082691732,42.831962517100095,Good
Moderately Active,56+,2,7981.447524989045,7.286144362893061,1.1006379594842084,64.1651416369264,37.78198297809781,Good
Very Active,56+,3,10235.485023842726,6.387921394131409,3.13627701228678,69.93321056569235,40.59828411110999,Good
Very Active,46-55,6,9993.93793046517,7.575006511871346,1.1692665155894961,61.387380065121,46.40002520149297,Excellent
Lightly Active,46-55,6,12463.733522491366,6.2686882926324206,1.4917191142690103,63.95635171447822,42.10152911531031,Good
Moderately Active,36-45,1,6448.314982409873,8.327608230568103,1.594584142361008,68.5066854844517,33.67067022591025,Fair
Sedentary,46-55,2,9107.836111892022,6.438243948205847,1.7475453036321398,80.01209915250504,38.42630670261711,Good
Very Active,46-55,2,8004.729620781016,7.589438554767001,2.5129222343171596,67.19807232579554,38.82889651315156,Good
Sedentary,18-25,3,8026.57679594738,6.116446540720865,0.40798913633457023,73.78143969058848,40.97152951261861,Good
Lightly Active,26-35,1,4529.097714315703,7.089935966651069,1.1557769292803015,76.89721318280597,26.97914710068556,Fair
Lightly Active,36-45,0,8075.757444155661,7.526509751660369,1.4901630339469016,75.72943638775747,32.03644372481941,Fair
Lightly Active,36-45,3,8495.197360093578,6.2415468496941156,0.4446869677196752,66.49438231757513,37.21761365768461,Good
Lightly Active,18-25,4,8327.567565087018,6.0761084572702115,1.1520686989273434,69.46267698754609,35.272126529546355,Good
Very Active,18-25,4,6403.152510589871,7.377642125468974,1.828968614597669,71.73618915553344,31.62806034014232,Fair
Lightly Active,56+,1,4348.797867137895,5.923715581363508,2.019719870333021,72.01041416464909,31.06688677445779,Fair
Sedentary,26-35,2,7697.171632633706,9.722859793972816,2.192094066442585,76.74579053436055,28.53688985607585,Fair
Lightly Active,26-35,3,6339.173417942056,7.791745938757964,1.7637773636361864,67.730917649568,38.35913898355419,Good
Lightly Active,18-25,2,6319.737142734535,6.833788318161752,1.3688388251781507,76.49954185187688,35.510115728780654,Good
Lightly Active,56+,4,8666.493832579892,6.752558077025955,2.6306033237581334,73.91314631276641,40.16290108724005,Good
Moderately Active,26-35,3,2909.431176643063,7.481539833664194,2.7621020298792796,64.28152096899547,31.842388975073717,Fair
Very Active,56+,3,12242.416187405073,7.978994254029319,0.3,72.94754015261228,40.67648650124439,Good
Sedentary,36-45,1,10430.309574859093,7.854343423001811,1.5281501554706267,72.56924528796847,40.52782570967114,Good
Moderately Active,26-35,3,5380.1127142757,6.21389442256128,1.5831893083473094,70.04143153328394,37.02285434022692,Good
Lightly Active,36-45,2,6119.993026664335,8.514311823909324,1.5202425671940811,77.38574616764217,40.50894512639434,Good
Sedentary,36-45,3,8246.330635849095,4.948561306607368,1.089209994224864,73.1785548187543,40.989932511952745,Good
Lightly Active,46-55,2,5411.865430139214,5.686139804417792,1.0364117349668238,70.28710413211662,26.95748381423082,Fair
Very Active,46-55,1,12056.757850700606,7.290365557593556,0.3113090889210892,70.5779428685674,41.52725299425903,Good
Very Active,56+,3,2126.310773918495,6.813911056404612,2.1012122471510537,63.07693296239069,36.95068848295453,Good
Very Active,36-45,2,11001.307402289209,6.822914372623584,2.9073123088025072,70.44423718917069,40.8658419109028,Good
Moderately Active,56+,1,9243.37077510312,7.782622490253379,2.099020474380851,77.3731830131329,36.31241714612575,Good
Moderately Active,26-35,3,9588.552358725088,8.248425686244378,2.3752248422127398,73.1382291337029,40.38311607740532,Good
Moderately Active,36-45,0,6502.966132132844,6.746943791081121,1.9864900417244045,74.05577047266607,33.545631623826054,Fair
Moderately Active,36-45,3,9775.912093747866,6.846612623632064,2.7013644360689826,71.4342739581872,40.081001894220655,Good
Very Active,26-35,2,6638.108264942156,6.967267301748543,2.1593780065278403,73.29113415981679,37.96514127419434,Good
Moderately Active,36-45,3,5962.4823710122855,7.362947124213372,1.8226617042012696,73.43210524056947,37.118113977779245,Good
Very Active,18-25,1,7839.593895762213,6.666115138960904,2.305172843483261,72.9332285961508,31.15291037038835,Fair
Very Active,18-25,5,10790.784149754245,6.361441432370132,0.3,62.18657590829676,44.752526627573374,Good
Sedentary,46-55,2,5882.800154292003,6.927011994013932,1.7066884700328528,73.8004832170063,35.19230863957444,Good
Moderately Active,18-25,3,9579.427468739977,5.906681304495837,3.138533446893714,70.63080854981553,42.32131499264715,Good
Moderately Active,56+,0,9109.161576951385,5.959843914093763,3.049701724902117,79.32612000999738,36.75459834563155,Good
Very Active,56+,2,7102.622124227629,7.205379712005311,1.1911771234717712,71.7564166462571,40.28275742020189,Good
Sedentary,36-45,1,5220.011461064601,7.364178944482206,1.844511712426547,75.84297525028614,33.11666093347047,Fair
Very Active,26-35,2,10874.594536439155,8.711561303966711,1.9873375288398194,69.36384590300088,37.475542548787644,Good
Very Active,18-25,4,7347.206970082754,5.622011889090645,0.3,71.19971542316796,38.344330916328126,Good
Sedentary,26-35,3,10483.224204246255,7.922476881830119,0.6435170068847333,70.37831192194535,41.85019171329419,Good
Moderately Active,46-55,1,9332.783352898248,7.616725155537403,2.9631640025637607,70.08631753933004,36.155237241550765,Good
Lightly Active,18-25,3,8708.900762209621,6.5751156114458436,2.1172367896610553,66.31308873648857,38.3592957304277,Good
Sedentary,18-25,1,11901.754646638503,7.392174829395776,1.063515135976834,74.81797292442221,39.98543261926149,Good
Moderately Active,26-35,2,3008.8124114162165,5.13877601672265,0.9924006102348287,74.33613017274185,36.0818027732034,Good
Very Active,18-25,3,6821.5418347173045,7.6102214427701345,2.093761049735619,70.89923411986146,34.418913334303504,Fair
Sedentary,56+,4,10564.764650888477,7.428275611657006,1.3320159940758232,70.57521515282275,43.751766909145495,Good
Sedentary,46-55,1,9527.957019392234,7.5030446512285955,2.5519892331985092,66.74775591554106,35.28407048524336,Good
Very Active,26-35,0,6754.062941929063,7.056065509903087,1.515282288385911,80.06853261693266,35.59285852480984,Good
Very Active,46-55,4,12302.626959994865,8.40216075066588,1.0907097334906626,80.14255794261578,43.89234179327397,Good
Sedentary,36-45,3,10990.214366286067,7.2225201352721475,1.7645491134754856,62.40931832920688,38.69886942725744,Good
Very Active,56+,2,8231.997924637273,5.746374088764447,1.5406104505146958,74.95521770401226,33.87842648166357,Fair
Lightly Active,18-25,1,8706.239264245638,8.449703235439117,1.6574117136694784,79.39949641357688,35.46133353307965,Good
Sedentary,18-25,4,11965.636677730381,7.466779226995831,1.5939607785842271,66.64397438336714,43.51858149728486,Good
Sedentary,56+,2,10828.923338305409,8.448601508592699,1.4668526124982892,66.54821019851508,35.56135092041126,Good
Moderately Active,46-55,0,6617.324797253532,6.09797252510935,0.992432237673797,75.41849557601914,31.918319472606772,Fair
Very Active,46-55,1,4194.726102623341,7.4553761919170825,1.2849644351765224,71.94018482737133,34.3203486820036,Fair
Very Active,36-45,2,5932.258633549927,8.759035988726971,2.4356368772832293,71.45642395798053,34.60854273326513,Fair
Sedentary,46-55,3,11623.942322556228,9.021643036668411,2.721203973986987,73.9673359570419,37.81066239937918,Good
Very Active,56+,1,7094.072508822956,7.901948761104445,2.319847715118912,74.91221198236927,34.48450701188142,Fair
Sedentary,46-55,1,7646.749553015757,8.037848338863396,0.43364126802437797,69.0518146716309,41.34490842996795,Good
Lightly Active,46-55,4,11581.707050639418,6.139556571675695,0.9449938408691635,71.57329814301994,42.67364736556823,Good
Very Active,56+,4,8920.737557791927,7.4460909348431965,3.0599927604673196,64.84811583334286,39.01139989479378,Good
Very Active,26-35,3,9888.108035823427,7.179647860401522,2.2382123033985475,72.00387142388733,42.313726314300595,Good
Lightly Active,36-45,3,10550.050200737775,7.442017631164843,2.331134203360344,76.5644864908653,38.03473330671123,Good
Moderately Active,56+,3,9540.935866482525,7.477689779000662,2.9144532779756194,72.74219838157067,39.56693733038629,Good
Very Active,56+,4,10507.346264824846,6.682458962681224,2.206179798251266,73.04403724546971,33.73861061660588,Fair
Moderately Active,18-25,8,10944.0467958038,6.711578849363869,1.8314328519504093,62.59388341547496,44.40668284980112,Good
Very Active,46-55,1,6563.207408168302,6.491590463420636,1.6586564906509382,73.3351971842949,36.551406464450366,Good
Lightly Active,56+,3,8586.235287731222,6.056697398808165,2.391025649173497,67.25829860331656,34.76155357766374,Fair
Very Active,26-35,1,6740.024440582309,7.288850383539153,1.5846829261906117,74.64123566079711,32.825952229505916,Fair
Moderately Active,26-35,3,7645.755972914833,7.331548567399768,1.42991296482855,67.75340496065722,44.96495058757871,Good
Very Active,56+,7,6673.1110899851265,6.568972278819241,2.2908379711013205,69.34350505318116,39.92424134344034,Good
Very Active,18-25,0,8364.343709749122,6.99363263569697,1.5202137383201466,73.26738076691582,32.76764245830645,Fair
Sedentary,18-25,1,6235.147625887082,6.773690096961116,2.026416281333131,70.7323661793325,35.79563363351663,Good
Moderately Active,36-45,2,6620.518929051493,6.455728823886897,2.2836587225570115,70.15054424083348,41.54973150941139,Good
Sedentary,56+,0,4491.975990559078,7.218327501539197,2.532791165070883,69.71514785381457,30.642440017515014,Fair
Lightly Active,56+,2,7884.57073577572,5.51776691476064,1.8638144332401487,78.63342166968324,32.90241438972137,Fair
Lightly Active,26-35,4,7906.567783047227,5.965823715923089,2.710340303393455,73.55787377064667,42.7090153412433,Good
Moderately Active,36-45,1,7306.7116662270355,7.500447722264732,2.326117289993155,74.15405889804344,32.396338819986816,Fair
Sedentary,46-55,1,6682.4042691990635,6.490726952939901,2.4196836900919383,78.40221764908611,35.9726744212995,Good
Very Active,56+,1,9470.101586547524,7.444892527862712,1.8165476329861923,67.97451926414756,36.87671578977843,Good
Lightly Active,36-45,0,7511.923453109227,6.789915418863388,1.3109871495183432,76.18054941605276,34.547482506128766,Fair
Lightly Active,18-25,4,11004.997145830683,8.15330142646207,2.4260093000527005,63.85953380267173,43.86907691387846,Good
Very Active,36-45,0,14129.290347469647,8.438147960646354,1.8943924063006037,69.44871586867912,37.37694239120568,Good
Lightly Active,56+,3,8166.765805540358,9.137080149558503,2.4437953860783224,65.61424669719706,31.42149676606944,Fair
Moderately Active,26-35,6,8800.070884303837,7.283947821480361,1.8805169749849153,65.93423588536342,42.91270073640681,Good
Moderately Active,26-35,3,4468.188457538317,7.299896372982152,1.5236382012039666,70.51675061683342,39.043342451616034,Good
Lightly Active,18-25,2,5567.106357316008,7.4152829356874514,0.7340489584554548,69.92253591393725,33.874243126544414,Fair
Sedentary,26-35,5,8899.065328908746,6.250969932744633,0.3,61.48369959617791,36.36010637655916,Good
Moderately Active,26-35,4,11243.73908513579,8.809410537010624,2.0652463724052175,67.26473660374361,41.08129964646772,Good
Very Active,36-45,3,10102.468050497697,6.433011909027883,1.1204221209314653,76.49097382164015,37.36937709186691,Good
Sedentary,26-35,10,10374.73684059778,6.5189371057395915,1.479260919455016,61.67670744637651,42.13345853695124,Good
Lightly Active,46-55,2,6668.985924830164,7.503785672210169,2.0072894642824575,66.92191604274926,33.14681732851846,Fair
Sedentary,36-45,4,11690.821630935263,6.786244163872031,1.606364954148587,72.71108419396144,36.370616034646034,Good
Sedentary,56+,0,8401.423200991756,7.261495157110949,1.5135685954442681,69.13527609339931,34.83255413427406,Fair
Sedentary,18-25,3,10689.855026513269,5.793913600850477,2.945360188808923,74.0289657220964,42.28451039230853,Good
Very Active,18-25,2,7293.967094818588,8.073208969044464,1.430149174590329,61.7904279328164,38.33227185486245,Good
Lightly Active,56+,1,5411.838937229133,8.664013011339591,2.092329432469467,77.54560650714582,32.63620034777914,Fair
Very Active,56+,2,7086.740076607587,7.049146284685614,2.089138868627288,84.65611938571,31.028550449954594,Fair
Moderately Active,18-25,4,11530.719881728988,8.189504392702803,0.854993029151689,65.92576618834498,39.32676014388472,Good
Moderately Active,56+,2,7593.019390674326,7.157488433277214,2.013676626747072,70.4952909979577,36.00184536325886,Good
Sedentary,56+,5,12224.122333717678,7.1025479764836135,1.3026168425596483,60.068889295381894,37.021019105207884,Good
Sedentary,46-55,1,2462.0253796905126,5.872851027055232,2.2809437892342777,75.93533327314435,34.1616808593216,Fair
Moderately Active,26-35,7,13443.275837687293,7.346623992249704,1.5815087945904582,60.93660542398992,50.13248677308283,Excellent
Moderately Active,36-45,2,9253.333404008265,7.225963644020457,1.1499728143363717,79.16757074574042,38.525808617092224,Good
Moderately Active,56+,3,14414.280673271389,6.986166863710731,3.2334130904803713,72.99014720740863,38.927568393929576,Good
Moderately Active,56+,0,5039.5085842853105,7.537928806137238,0.7310687480486979,75.48139549886625,35.285697367167934,Good
Sedentary,46-55,4,7804.597077341288,6.962626755392374,1.9638818626881824,63.39990768993676,35.89200390335702,Good
Very Active,36-45,3,11513.851146391578,6.600091104434251,2.5667042377397613,72.92010576844342,39.0208787210356,Good
Lightly Active,56+,4,6553.619362543426,7.167279863193145,1.5816950532996146,71.77127501255183,34.65028880932773,Fair
Sedentary,46-55,4,7370.140691446568,7.328282778877451,2.5217901123422775,71.24209167440009,43.447578359770006,Good
Moderately Active,56+,2,5352.516403238806,8.107110260925392,2.7620694545861033,73.47877307326077,36.14858022645635,Good
Moderately Active,46-55,4,11296.497619050326,6.7365056503449425,2.907824850806678,63.17126752739064,39.312537992857735,Good
Moderately Active,26-35,1,7428.427132385588,7.719606232745232,1.4754926402163453,66.30465507249879,39.481307864067674,Good
Lightly Active,56+,3,13073.848177204105,6.792883775213672,3.154967501095413,70.99592806776461,49.930757230620394,Excellent
Very Active,18-25,2,6537.206055530012,7.466218418651278,1.828973992291297,71.3724847578312,37.065999439191174,Good
Moderately Active,26-35,1,6191.885873393387,6.444846160523845,3.279812621791786,75.11076400848118,38.85267067567442,Good
Moderately Active,18-25,2,6296.738912829299,6.698078291514169,0.7706936941637252,72.37648578758447,33.32204279072193,Fair
Sedentary,46-55,5,5088.575140347699,8.888610562224079,2.1514628996359884,68.34373382890625,37.6382869819559,Good
Moderately Active,36-45,0,5187.53796273902,7.456712426086132,1.3140018868704484,73.24398813796618,30.7783608810165,Fair
Moderately Active,26-35,3,11158.50070613955,7.414938287480687,3.239701963121246,78.46322751557773,35.74752395055605,Good
Lightly Active,26-35,5,10671.751413637943,7.724908867543162,2.3011637040601935,59.224081615872656,40.43487937607952,Good
Moderately Active,36-45,8,14155.491974934492,7.980362155127388,2.203034239880834,66.57956716941808,44.31702500523648,Good
Very Active,26-35,2,6298.820671766032,6.281892598909247,1.587542092754953,74.023284318414,32.09989359921313,Fair
Very Active,56+,3,6773.30868921193,7.912359597959242,1.037817782376802,71.79293734641207,34.75791314873704,Fair
Very Active,56+,2,4083.1818085856316,7.686828432975659,1.8008339250548089,73.7843470184035,40.27209421470456,Good
Sedentary,56+,2,8472.334060816025,9.121192003126371,1.9160244426460276,72.22778851307918,33.6316706173288,Fair
Sedentary,36-45,5,7120.52497598791,8.01681086256976,2.44371245344957,71.66319691170327,41.65312556735812,Good
Sedentary,18-25,3,7159.614014492675,6.049264454763421,1.0722548843202357,67.34055354595786,36.25223975950392,Good
Moderately Active,26-35,3,8884.825962115941,5.695440893957598,2.777840604279546,73.93825870475666,39.53834892473731,Good
Lightly Active,56+,2,11940.947036134894,8.899298672825426,2.0418494149214865,67.65219876142932,39.28575856599196,Good
Very Active,56+,3,9412.154468589588,6.573174727858463,2.506015940576138,70.68851726585358,38.44704651746038,Good
Sedentary,18-25,4,1041.5330869211775,6.409243115220289,0.6971658548056867,69.3715539365091,35.51220554511928,Good
Lightly Active,36-45,2,8856.89790336668,7.071886038196911,2.5761024091529987,66.821261959096,39.936019568151494,Good
Lightly Active,46-55,5,6157.7812493012225,6.973139812967595,1.781897605162269,73.31647596902131,39.822452683483,Good
Very Active,36-45,6,13819.554667809927,8.514021298428311,2.7791161709409984,62.90634232581967,41.32135732501222,Good
Sedentary,46-55,6,11763.563939520576,6.339314073159448,0.3,74.96978199933133,41.947708531109505,Good
Moderately Active,18-25,3,8946.738626871409,6.6218715866286715,1.818126258340014,66.3089350574178,35.80229382523542,Good
Lightly Active,18-25,2,9104.173788107093,7.724850937935731,2.2586915643608254,73.64489914898725,38.13577304295691,Good
Lightly Active,18-25,4,10648.266325823972,7.2687313062637795,1.729155909241871,67.24630099705611,41.1846751845848,Good
Sedentary,26-35,1,6539.607022975034,7.632357845900826,1.837468449198271,77.45596851678393,36.23360618839798,Good
Lightly Active,18-25,3,10291.47602706352,6.7651380878821215,1.3863523796123711,71.494778197227,35.929291010088185,Good
Sedentary,18-25,3,6407.065315049533,6.811628589586189,2.203975505477031,73.8902218681661,36.65266050898304,Good
Moderately Active,56+,3,11014.7557567849,8.069708202985206,1.471208139782926,64.6014781829939,37.89893668775285,Good
Lightly Active,56+,5,4147.921894495559,6.748174570514645,1.6410550366188312,71.4811327982469,40.577833192651255,Good
Moderately Active,26-35,3,15664.074818588739,7.503020505859229,3.6818990766109563,71.44262845282763,43.563348912756325,Good
Sedentary,36-45,6,10227.588185165012,5.797401678618609,0.6595784199696424,67.28385996816294,43.49153381589459,Good
Sedentary,46-55,0,5536.609143222306,7.182015501992379,2.5282391692190505,71.64042744326716,33.19189632479666,Fair
Lightly Active,18-25,0,15705.50705093502,7.840399634517375,2.0689390445313998,76.09253402231782,39.53689554176042,Good
Lightly Active,36-45,3,10727.620824529185,7.081274210569994,2.702445500634029,73.30564203718234,40.38988945656172,Good
Lightly Active,36-45,2,7771.704961907473,7.313531766772324,2.001726428060403,78.50130674152017,33.547242707902,Fair
Very Active,46-55,4,8150.455350277818,7.102413758020134,2.5739186610996745,73.26789626489845,43.63636635179792,Good
Moderately Active,26-35,5,13475.93245667022,7.712610457142381,2.158962178188907,69.16318292113283,43.85524024784644,Good
Lightly Active,56+,2,6707.48492098511,5.738111404495089,1.3590913476875768,74.02207514387386,38.38537759729044,Good
Sedentary,18-25,2,6192.343077214734,8.078035595014418,2.05950097802806,74.09526655874417,32.49424106201408,Fair
Very Active,46-55,3,12081.455083897377,7.872782846493404,2.1348727565209136,67.59131793577943,40.08562709022745,Good
Lightly Active,36-45,2,11987.701003083377,6.000496866539322,3.1765282057767923,69.09049665437944,39.81943800373988,Good
Very Active,26-35,2,6177.60376342796,6.208636275297689,1.372980476991163,75.28951598038837,34.63601570182416,Fair
Moderately Active,56+,3,13086.735838894358,7.3758231751212335,1.2795001225762301,68.11820036043346,36.598758617243895,Good
Lightly Active,18-25,4,5539.862616587488,6.151832037790595,2.480144577600343,71.7632304067545,37.70079122075262,Good
Lightly Active,46-55,3,11172.427089515275,7.150238947373682,1.9297761398655464,70.7443887740206,41.7222406452455,Good
Very Active,26-35,2,11075.571132099143,7.180095762491221,2.109853707925861,67.67853255439707,34.87696998474155,Fair
Lightly Active,18-25,7,11642.039245701604,7.727089387711612,2.1316574554324,61.23331390522894,44.69948314305486,Good
Sedentary,36-45,1,6578.545791461861,4.636405548658743,1.8630916340010921,68.09527170573293,32.7506200816247,Fair
Sedentary,56+,5,14307.407324101558,7.5797691854136335,1.5673134754846918,70.7158092200029,43.83346253256893,Good
Moderately Active,56+,2,5894.336258036872,7.685436287589676,2.824007657086929,69.19882124814497,37.86214414552315,Good
Lightly Active,46-55,2,7856.545448768922,7.380151812259402,0.34957036457410506,78.89095076217073,33.950956350637504,Fair
Sedentary,26-35,3,9662.222259945731,8.43784383763654,2.2345795136106665,66.09229712331776,42.04538257683839,Good
Lightly Active,26-35,5,8310.494891228747,8.124334472183088,2.3394992765012854,72.03236076378353,46.41554905990268,Excellent
Lightly Active,46-55,2,11122.346123491272,7.359145508123362,0.34613519985757146,80.55162663196171,46.53402623693039,Excellent
Sedentary,26-35,2,5810.091498924118,6.579979694216644,1.6531090174617533,76.89608218032092,31.95928086514581,Fair
Very Active,36-45,2,10241.41847711158,7.5132287935074045,2.5175759682219754,73.70639517547438,37.41082636521704,Good
Very Active,18-25,3,9173.67226183312,6.353198534147406,1.5764557339000427,74.99486314466586,40.14989399905709,Good
Very Active,36-45,3,8434.252429369839,6.549383443577528,1.2991411999461606,69.41781163405605,38.70783201294413,Good
Sedentary,26-35,3,6366.550998596582,6.003590427135461,2.230259256661966,81.0834273825469,33.874000630046595,Fair
Sedentary,36-45,3,7514.508965406296,6.780634150463778,0.3,81.77196429797335,37.28578859673242,Good
Moderately Active,46-55,3,11010.962835239827,7.444305672605046,0.6034005449279107,65.61153518681908,44.1936196231911,Good
Lightly Active,26-35,5,13400.647069070112,6.540019228839447,0.7217940886753944,67.24485896299309,40.151892546113885,Good
Lightly Active,36-45,1,8719.76805937395,7.805963531364707,2.170421824684398,68.62843192540312,31.055380294290096,Fair
Moderately Active,26-35,4,9067.849166453469,8.01778960799016,2.814286488822119,74.51267864367959,39.342125495345314,Good
Lightly Active,18-25,1,6078.33616224614,7.298790021777934,0.8698896501775244,69.92694753543658,36.05947352284631,Good
Very Active,26-35,6,5324.418725838327,8.975513974589912,1.5736273097223483,62.02999595115766,41.59996607730414,Good
Moderately Active,46-55,2,12605.264640733934,7.792726623487536,2.2068586831670864,71.895144501364,36.69099818606179,Good
Lightly Active,56+,2,7176.243118346058,7.782647660066332,1.0716611364340263,72.08381741736915,37.93861259873983,Good
Moderately Active,46-55,7,12345.188830830952,6.27156429003957,3.3193709703124474,63.06149617007572,41.323916499370185,Good
Moderately Active,26-35,1,5531.262532833075,7.305216358699836,1.66191723530251,79.02120172727983,35.27753118869181,Good
Sedentary,18-25,0,6701.359552115558,7.581910215984534,1.9559347444556836,70.46682658728247,34.09211720040826,Fair
Very Active,18-25,2,9344.763372800837,7.974727596924225,2.276275189481772,63.360134248493935,38.56563611759565,Good
Sedentary,18-25,3,7846.7667999466885,7.2651060272179455,1.9335208621485902,73.56178347317875,43.31779704346664,Good
Very Active,26-35,3,10847.748151951733,6.450164348187077,1.4541014974008808,75.79608538841715,39.477487475702034,Good
Sedentary,56+,2,12093.413783129476,7.316115550184161,2.001993314223048,74.34040889217626,35.778589389157176,Good
Lightly Active,36-45,1,8180.940873922888,5.907875212842584,0.6152431555616653,80.68079926828558,35.74789047914712,Good
Lightly Active,26-35,4,10127.056003752834,7.750442555892335,0.8684040308424388,64.05613295181482,44.06100988091244,Good
Moderately Active,56+,3,9255.354026531259,5.9230131513306965,2.1449994583985355,67.18163508676737,43.636878611168555,Good
Sedentary,46-55,4,14850.951528720841,6.065208776786775,1.9963268794407163,70.69421892171921,42.53344352779942,Good
Sedentary,18-25,4,6613.775447207903,8.094405911730812,1.565319213992717,67.6289765231573,37.614803616626475,Good
Very Active,18-25,4,9556.591273781401,6.687427635001694,2.432694783121832,67.82751098268119,37.42931811393136,Good
Sedentary,36-45,5,16485.971935803205,5.768150291014546,2.889131258521096,66.04651184483697,53.06860411506136,Excellent
Moderately Active,56+,3,5807.431711014459,7.225233567782294,2.1698762481420593,67.35817448549403,36.666052363598276,Good
Sedentary,18-25,4,11180.256760875971,7.394695153891116,1.3258224540292871,74.46474560594947,43.70095208165997,Good
Sedentary,46-55,5,9580.121339107038,7.115813880595679,2.510724228103013,70.88686288524336,40.810811392182046,Good
Sedentary,36-45,2,6137.439363507538,7.254916489131827,3.0786665711543297,70.30634758426207,33.16735520623319,Fair
Sedentary,26-35,0,9430.204222524664,5.875757462874139,0.9321859529935568,72.0941593742215,39.58668075875583,Good
Sedentary,26-35,0,1000.0,6.7783932681498005,1.6899931625859563,70.71094937739191,26.216429273888043,Fair
Lightly Active,46-55,3,4580.3772415527965,9.014302529322599,2.1233492650713917,68.91404308775176,39.00170767731751,Good
Sedentary,26-35,2,11276.21961783733,7.609342885762377,1.493918736431797,69.68982902484305,41.24097344725934,Good
Sedentary,56+,1,10213.611800898907,6.096703433281984,1.9163639777526615,72.9686103583363,40.740990547116155,Good
Lightly Active,56+,3,5519.152876921677,7.141766420343088,1.7205146364770678,66.12603100773069,39.33772747717193,Good
Sedentary,36-45,3,11387.726086597027,7.522963723314721,2.1097085432423492,73.05478414047747,37.78648978336001,Good
Moderately Active,56+,5,8637.366150823384,6.613249965347728,1.1573219374619939,68.73799041565772,44.498026106295285,Good
Very Active,26-35,4,9857.508198170046,6.86777178440099,3.037330529147349,68.48141200088202,44.31377285448136,Good
Sedentary,36-45,1,8060.363155816374,6.931672070365691,0.9142397500622883,74.38115932852868,37.449856237156496,Good
Moderately Active,36-45,4,12861.77354934634,8.276520684943799,1.710220861398444,70.18730945798815,39.914948358345924,Good
Very Active,26-35,3,10498.122991181017,7.634035618304942,1.5162885451744577,66.70625699869187,35.98796366894467,Good
Lightly Active,46-55,4,9923.161458185401,7.653533898253834,1.6653617531419969,69.80157634755538,35.453753106448,Good
Moderately Active,18-25,0,8199.912320673473,5.938557242426808,1.6912457616043421,72.92702953497826,36.75495659445376,Good
Very Active,18-25,3,7951.457089408299,7.184779188003361,1.7830242573735948,70.53643761330858,41.019315876186255,Good
Very Active,36-45,6,11098.514590313267,5.84541704859504,3.1301473933747253,65.24157118608046,33.706411503612685,Fair
Lightly Active,56+,2,12438.579787689885,7.128501292981618,1.3867243205056594,70.32734224882043,38.78239796267329,Good
Lightly Active,18-25,8,11190.936613466325,6.386182731635989,1.6182273300477599,64.65202115074086,42.286713388133506,Good
Lightly Active,36-45,4,9958.193950495912,6.453357049060353,1.4170688834948089,68.86069571493596,41.69580882925533,Good
Moderately Active,26-35,1,7519.613655047029,6.4708890286480205,1.2549908324923518,73.3240810479833,33.83282170621491,Fair
Moderately Active,56+,5,8864.803530765155,9.596720298049489,2.3139816438732623,67.04923360637571,39.606504770285724,Good
Lightly Active,46-55,3,4642.0251578227935,6.975916562577251,1.784201101224842,68.1605883716953,34.687083223198066,Fair
Lightly Active,26-35,0,5462.955048576773,6.149478093310596,0.943570698658647,77.00840642336021,35.08875244447449,Good
Very Active,18-25,2,10020.956467356178,8.08049807903909,0.840603429609302,62.79101706224088,39.282862159006996,Good
Moderately Active,26-35,2,12158.152290540835,6.678936431923622,1.7115973435136642,72.61529618276845,41.44441966819001,Good
Sedentary,56+,2,5962.716351397816,6.885715720797187,3.086172294418807,68.87499307750448,34.93797231285578,Fair
Moderately Active,56+,4,10493.383904083641,6.102014085218448,1.2629378854885474,74.79650523822224,43.33875913765176,Good
Sedentary,36-45,3,8335.205364204545,5.9171820431066,1.4603058320844282,65.69837451693813,36.94424626794751,Good
Moderately Active,56+,2,6842.789851851999,4.704256445399428,1.677667789752561,73.27319897580588,44.57155025969719,Good
Very Active,18-25,0,8929.571192754034,6.911490456160549,2.7714256441768925,75.25411105269063,37.58501216107882,Good
Lightly Active,36-45,2,9030.459744641972,6.703611663730104,2.3875005832380403,74.97133517123379,42.761814039945705,Good
Moderately Active,36-45,5,9495.004376203215,8.76060706243543,2.1896811499291045,61.68512942035063,40.05514109942579,Good
Sedentary,46-55,4,7792.248320172722,7.199841084581052,1.0389033245279702,64.09120681556392,43.44791220611074,Good
Sedentary,18-25,3,9592.93723088647,8.204795640452458,1.468189049220629,70.05027842581403,35.50228223421347,Good
Very Active,56+,4,11584.77556216248,8.607520742160215,1.982296481487865,70.34289168520093,36.91218006697052,Good
Moderately Active,26-35,2,8182.945960067372,7.770712459265108,0.9687298124596673,73.43352373095867,39.077910217713935,Good
Moderately Active,46-55,3,14657.553572055978,7.5282913214799505,0.7428084937780142,72.43455144434286,42.47171162950327,Good
Moderately Active,36-45,2,9574.650818033515,7.2728208217282235,1.5920941714958075,74.22222289530225,42.815362432507314,Good
Lightly Active,56+,1,7084.023141924255,7.1892107737861926,0.6437291643804215,81.60175847046749,42.45932252922193,Good
Sedentary,18-25,7,8810.98244049204,7.0701940676636745,1.8824660451517077,63.75365640578541,37.74808390032284,Good
Lightly Active,46-55,3,9887.639785333395,5.630465427366476,2.610665417008185,70.80252712594512,38.03513701548496,Good
Lightly Active,18-25,7,9886.102273975011,7.865056611715598,2.095418789783289,56.615623890041185,44.80110876316392,Good
Very Active,46-55,5,11394.791648247961,7.149305657354871,2.9101786981743776,69.57198924500423,38.66942159339161,Good
Lightly Active,56+,3,7671.772591299649,6.080778510053462,1.438652858038873,68.71513918397272,33.33114832682393,Fair
Very Active,56+,2,9165.14859625971,7.752142286180771,0.9729496763353586,70.95346156379244,39.7256864876672,Good
Very Active,46-55,4,5293.855670319395,8.05029813575921,2.0305337071725917,68.78197505297942,34.97354264002936,Fair
Moderately Active,26-35,6,7686.979623965688,5.633802256967507,1.9599744758731354,63.68869512996277,37.43382646640156,Good
Moderately Active,18-25,4,9199.573265774216,6.144968251610083,0.7767272366793196,73.21375653385736,39.45412774743802,Good
Moderately Active,36-45,1,10483.318624360847,7.762523373579185,1.6699950417352745,67.80590278340014,35.924827974331315,Good
Very Active,26-35,3,9363.13398390074,7.793835749320232,2.6140399115816306,66.59813170911775,40.11885231856588,Good
Very Active,46-55,2,9321.961960621906,5.047795745495999,2.735816053535639,70.80944043524009,35.09175680564961,Good
Sedentary,26-35,3,9224.770854619448,7.100282179735505,2.2547427919013128,66.82938259897789,43.542063275586784,Good
Sedentary,18-25,4,6076.018527379356,6.50451531647304,2.195801552284001,64.84995629310883,33.38104791371887,Fair
Sedentary,18-25,4,7369.780836374652,7.8853049060637765,2.600256819332989,66.29536865446944,40.102351007187174,Good
Very Active,18-25,2,12500.156709345381,8.847599908579024,2.1487166626377014,68.62436609958138,37.99112543781083,Good
Sedentary,46-55,1,7968.364595531188,7.234339143891295,2.73515971448343,81.33696982762774,37.05190274086003,Good
Lightly Active,18-25,4,6577.282220675811,6.10982408400385,1.6464969761200074,73.45014836225339,35.11248379059011,Good
Sedentary,36-45,5,10024.19042088374,8.113740401618434,2.2130346186985275,67.01554581520061,37.88026598564298,Good
Sedentary,36-45,2,14399.70905738816,4.9116401075550105,2.1130033017085657,71.36964509249415,49.3643068403075,Excellent
Lightly Active,46-55,0,6900.290021241915,7.630287265780306,2.5115207745742865,71.43326881986356,36.307073039486916,Good
Very Active,36-45,1,10685.879787135453,9.102248428204962,2.9693414685905104,66.14381282842488,39.780582137585796,Good
Moderately Active,26-35,6,7596.891266046194,5.769476228776195,2.1926079914638734,65.00452464209287,35.50759839241109,Good
Very Active,26-35,2,10904.419510369951,9.25474651018355,1.4037580086369725,68.09695239611706,41.66199061024462,Good
Lightly Active,26-35,9,12193.94099284714,7.411525648006068,1.4901903490570465,63.07551889648302,46.862163395579266,Excellent
Very Active,56+,5,12813.453359370125,7.7350839460080705,2.2838786460100247,64.46013717746519,45.54975037932886,Excellent
Lightly Active,26-35,2,10180.285606721982,5.388955726806164,1.9976147989923079,73.6720508646795,39.33276288940013,Good
Sedentary,56+,4,9794.080999291542,6.7779754890852715,0.7229381523511917,73.58951728594647,46.005479704638525,Excellent
Moderately Active,46-55,3,10575.50291542694,7.94431178027295,2.002311307503808,78.76556875584926,42.50926401315172,Good
Lightly Active,46-55,3,10066.78294177192,7.0169746020720885,2.123854696077708,62.85051219193455,39.59230939870211,Good
Lightly Active,46-55,3,10005.027177049808,5.467900353779262,1.9942513014034335,71.41378713310954,40.57808704098973,Good
Sedentary,18-25,2,4463.726411729815,7.680539643920541,2.362000980952585,66.54892723479014,36.25951576454844,Good
Very Active,26-35,3,11476.489105768094,6.842098436962868,2.227823841825923,82.92028680289923,39.40826571266681,Good
Lightly Active,26-35,2,6511.027981883831,8.415582482967963,1.8297274053183281,65.56628880026939,37.08951130907205,Good
Moderately Active,18-25,3,7536.378827590679,7.681570559431067,2.3175661491950263,74.66569328857304,38.039400055898284,Good
Lightly Active,26-35,1,8043.479257797422,5.731839549986697,0.8654746474478633,77.56860082934978,39.95590701506287,Good
Moderately Active,18-25,2,10734.259472181628,5.500489496084015,0.9887471398061058,69.56339777243208,36.58419144015274,Good
Very Active,18-25,0,7513.196885102504,7.072425755742886,2.236284024375178,71.63486398348358,31.516437243762137,Fair
Moderately Active,56+,4,12044.85508153481,9.682487809042009,1.032174853432681,68.7425025194807,40.72820756498965,Good
Very Active,26-35,6,8782.744700789113,8.174214636512243,2.9985490940799187,68.63074724901655,38.900779530098696,Good
Lightly Active,46-55,3,9750.619784814393,8.077932342977565,2.2760621301178676,74.69167591895463,36.84754127253292,Good
Very Active,46-55,2,7349.834031115023,6.838741246288772,1.9673297760504407,73.22800329841502,41.40598595904763,Good
Sedentary,56+,6,11487.243481839738,5.252966243556158,2.718829649055421,69.52527017696247,42.962486427030214,Good
Very Active,36-45,2,12561.777789231039,6.816932365743392,2.0151178205205973,75.2699500618694,38.68212173097105,Good
Moderately Active,56+,4,6814.993207846497,6.177936077613131,3.270956973822854,65.39700073948121,40.820460787023855,Good
Sedentary,46-55,4,10559.155590438602,9.266597462161418,2.3293396444603975,71.97414436522246,44.12925363142735,Good
Lightly Active,46-55,4,10761.503839526646,7.378511155585188,1.3881640903049552,69.01765868225839,34.45912975640771,Fair
Sedentary,56+,3,8602.83323485939,7.460673359836432,1.2926046328501206,71.29723603138413,36.10584190634546,Good
Sedentary,18-25,2,11379.209955632683,6.86536617493435,1.1292874071685837,69.3819609275444,41.25871029537377,Good
Lightly Active,18-25,5,6827.901734142473,7.415279035178996,2.6116856522302463,62.146010158746954,37.025953609178,Good
Moderately Active,26-35,4,7330.596698881459,7.371251889327755,1.561696139580897,64.63416542326834,32.6105661739051,Fair
Very Active,18-25,0,7213.228688222646,8.29684179382633,2.7562564828840426,72.02552940590708,38.83051819890001,Good
Lightly Active,18-25,5,10828.225435348584,6.936963426803932,2.274239296035914,63.062499012732296,42.395267210761915,Good
Sedentary,46-55,1,7482.131026551297,6.504631247233181,1.985150357044391,80.70345520606772,31.743379681719706,Fair
Sedentary,46-55,2,9264.52486720511,7.3469419087632994,2.070420620428908,71.22960855548135,38.13757135276174,Good
Sedentary,26-35,2,11482.08524890955,8.633116675780517,2.0367623377788835,74.93389836254146,42.78619103754834,Good
Moderately Active,26-35,3,4595.041594006305,7.35912571505072,0.6351052355089095,66.11431251968429,31.531072657824403,Fair
Moderately Active,56+,4,7695.734104719025,7.548514793721457,2.707817653744402,72.7224799561588,35.96207067570643,Good
Moderately Active,26-35,3,8241.878029413341,6.334314880921061,1.6680337482610077,73.33262781345792,36.02209187704212,Good
Moderately Active,26-35,3,12153.087474975713,7.758754404873605,2.234191300877892,61.98919227153256,39.105797145967415,Good
Lightly Active,18-25,1,6210.544754598127,7.34752852893583,0.7996962663678668,74.34914058956,30.041388906051925,Fair
Lightly Active,18-25,1,5612.157552739288,6.2183788497102315,1.7401282190972085,77.63435243948719,37.95320371005427,Good
Lightly Active,36-45,0,3619.6906155113743,5.83040686512456,1.6429937618773764,75.59614963355473,29.886785454666516,Fair
Very Active,36-45,4,8483.512185581905,7.92924407503621,0.7884115720916247,74.86247730136733,33.94673197504682,Fair
Moderately Active,46-55,4,10726.158854994219,7.350253867260964,1.6965170967341607,73.45688051621391,39.78419106980595,Good
Sedentary,56+,0,1000.0,6.68427855592823,1.0232989545853628,79.73001652821647,27.074457488677965,Fair
Sedentary,56+,0,4363.565972783363,6.862160357731725,2.815755197331912,71.93220999363578,31.78317345956895,Fair
Moderately Active,18-25,6,8307.326984636333,8.104725249313068,1.998962741315581,62.34500725500535,41.17831408893153,Good
Very Active,46-55,3,7945.5732488160875,5.832152429702063,1.6316488207069155,70.9705536198793,36.19583950546358,Good
Moderately Active,56+,2,7385.768122754317,6.5870212658918845,2.039255637161337,77.30723655243783,40.667534340858346,Good
Moderately Active,56+,2,1175.3888319196685,7.6799958792248,0.8586301860425722,75.46663446323686,30.028917491035546,Fair
Lightly Active,56+,5,10961.999312567,8.59889772603653,0.3,70.62498201159555,41.27913160972121,Good
Moderately Active,56+,5,8235.345742597689,7.187089669354362,1.282090906454198,75.1481962348217,43.8182792284321,Good
Lightly Active,18-25,3,4475.2577220607245,7.237515975275132,2.2681567235614013,66.58805583921217,36.93842480103945,Good
Sedentary,18-25,2,7916.5058487594915,6.918748566136653,1.4149821216270986,67.27001051664044,36.56288672648751,Good
Sedentary,56+,5,9933.208447573452,6.892062523887477,2.5993441441385263,68.24632881568004,40.587458197320004,Good
Lightly Active,46-55,4,6775.504964287729,6.600091517085535,2.1757274776217272,71.14574929561306,36.335941853233585,Good
Lightly Active,26-35,4,13554.566870686336,6.07035887638638,2.4417374404673193,75.99189213434413,42.29260249709961,Good
Sedentary,26-35,2,7546.435956072564,7.414745953161293,2.3480534439019087,69.23826518465486,35.75300708403481,Good
Moderately Active,36-45,3,7303.0252121759295,7.042142163052644,2.10460259024459,80.32522130833236,37.98540021482689,Good
Lightly Active,46-55,5,13574.88180296061,6.175847184098447,0.9385042882327395,59.73371089655812,41.22463110043686,Good
Sedentary,26-35,4,5114.2449270726665,8.706177934901943,1.7893361139771058,69.47929149851046,40.32557176072734,Good
Lightly Active,18-25,2,6072.371107524255,8.33613518970951,2.8398070853623807,66.85027331862923,37.16543677533064,Good
Sedentary,18-25,0,4885.2028375368745,7.823125719631493,0.7881360306329352,74.09430828091742,36.967407607158364,Good
Very Active,26-35,4,8211.694564738154,5.959593570050315,2.3287020628596253,60.35925346695278,39.98495624630859,Good
Sedentary,26-35,6,15682.56905399502,7.575995286900402,2.65774899329137,66.47590804664328,43.14764448848104,Good
Sedentary,18-25,3,5605.587539427273,6.785402261575154,1.6891219170196579,71.22660099324665,37.703057576781326,Good
Moderately Active,56+,2,7081.8501320843425,7.047832376801056,2.274013007131737,64.94513306541492,32.97905845139464,Fair
Sedentary,46-55,5,5130.856909150074,8.553606442174196,1.1486710440943495,70.14374288903366,38.903405346664876,Good
Lightly Active,56+,4,14227.971786980519,6.8851649796297645,1.3488568703931754,73.4931015158434,45.117512224392215,Excellent
Sedentary,56+,1,6584.075416489059,6.814945576263677,1.9439853792898445,73.33854013429709,41.44631370076246,Good
Very Active,18-25,2,9573.223976624326,7.5008276223717525,1.424902302895569,62.966415652433824,39.34724393971721,Good
Sedentary,18-25,2,8296.308260333964,5.515103035834116,3.2038734651995036,78.38381731969196,36.051395433731216,Good
Sedentary,56+,3,14470.475510506343,5.85058668808714,1.5961930040168042,65.97199176084948,40.98735078002402,Good
Sedentary,36-45,4,10449.47498899498,6.3958865771108355,0.9082576896839867,68.54604495822946,43.84774849854541,Good
Moderately Active,18-25,1,2233.6080725564307,6.294459374482177,1.7567271136506344,69.75975959226429,28.739284746069362,Fair
Very Active,18-25,3,9540.382266079081,7.520762457379218,2.0773039799350217,75.70758359351028,40.941647975718816,Good
Very Active,36-45,3,9272.039353583554,6.183703161036918,2.232454711166426,75.37582622994971,41.923577187105856,Good
Sedentary,26-35,2,4319.576050840982,7.033698290725186,1.3771097505123628,69.71239370183093,37.214708702679886,Good
Lightly Active,18-25,0,7179.532246480382,6.283669896577787,1.0480644858405364,80.98439655691718,38.01599909415451,Good
Very Active,36-45,3,8058.304106240091,5.8666863635997615,0.8358504435581999,80.33801768018965,40.38525915904751,Good
Lightly Active,26-35,3,10958.06943801001,6.525140150289848,2.8967406078452367,73.21169515604286,39.803806995926934,Good
Lightly Active,26-35,2,8084.32845579363,9.013321225043088,1.2940640918978712,67.83872040010996,38.791934779553316,Good
Sedentary,36-45,3,12098.214886971908,7.9818556631714035,1.5124165249264492,69.54127761403866,39.83375193247256,Good
Moderately Active,18-25,1,9786.371516083795,6.068609264392644,2.813560562497363,78.12510927894995,36.81434290690862,Good
Moderately Active,46-55,5,12426.419179484285,8.697085323377657,1.6797698876656975,66.40334262521304,42.47304835782349,Good
Very Active,56+,4,4471.757452430782,6.908113069803207,2.319491635688206,71.52034798549631,33.88894041143591,Fair
Moderately Active,36-45,2,11415.776057794405,8.424302863825627,1.6707429335881234,68.19932624991382,43.55666440443755,Good
Sedentary,46-55,3,3537.8958971184975,6.429430968148917,1.6146656544023499,77.35569864870699,34.71102773660048,Fair
Moderately Active,56+,2,6159.10985563786,5.704257357075324,2.608296950354423,74.64481546409522,37.794936884054614,Good
Very Active,26-35,3,8380.45241201802,7.482567513939655,1.543611135168554,72.44870705052,38.94341648821871,Good
Moderately Active,18-25,2,8882.717211863124,6.108039873280995,3.3178376721555614,69.49139959176684,36.338565205436524,Good
Lightly Active,18-25,1,10118.890557275186,7.219554120872072,1.8333562098011436,69.14730632944408,40.15427607535425,Good
Sedentary,46-55,3,4246.316256556515,7.413225243522394,0.38927752985494046,71.1384907391881,37.1729123125685,Good
Sedentary,56+,0,9324.682609394242,6.005183484310618,1.617150827714457,73.97251381192578,37.443125084964464,Good
Moderately Active,26-35,4,11805.234239260033,4.890892810981051,1.744650800835009,70.36347373285237,46.53988167932209,Excellent
Very Active,36-45,5,10586.242721564857,5.924435678003024,3.405295538277773,73.7095713562865,41.86110718383427,Good
Lightly Active,26-35,1,6377.119541323538,7.310248090443551,1.023876992660457,68.38684544523683,35.67254261082488,Good
Sedentary,56+,4,4037.5831386368473,5.329676686990367,1.3868593288017472,72.18371890602464,34.58061030359436,Fair
Sedentary,36-45,3,11528.630711809548,8.009079456439979,2.1060466159925553,71.19672273520088,41.67604969847737,Good
Sedentary,56+,5,11029.40996038807,6.8894586728985745,1.3531726669247086,74.19042660150434,46.67733899388349,Excellent
Very Active,18-25,3,5946.8118992496775,7.396423947631686,2.1474692604564978,71.63407833087629,37.26080818844723,Good
Very Active,46-55,5,10525.044032615462,7.116316610493746,2.2001410851084335,67.64704779472268,41.01643323474235,Good
Lightly Active,56+,4,2661.209769315361,7.424933513394535,2.559306344491294,64.29512034083844,41.92115386027746,Good
Lightly Active,18-25,3,11425.302900560868,6.787482287865952,2.842391316757257,72.52309285933501,35.44629137945388,Good
Lightly Active,46-55,2,11333.182351374548,5.919193094148181,3.027299717807571,75.09996025469219,34.103536636793805,Fair
Very Active,26-35,2,11322.855558646484,6.467944324858417,0.9917375436203779,78.21420225875072,37.00716793657533,Good
Moderately Active,36-45,2,7673.156017787842,8.90035819084767,1.926752609702662,71.3965492684444,36.38599430289663,Good
Lightly Active,18-25,2,8015.976070778956,7.484297052729968,1.1097301447665453,73.65395887665818,38.20526178365313,Good
Very Active,56+,4,9867.92514549392,7.8379624097630405,1.6916153058360597,60.8641443870604,39.83486389714387,Good
Moderately Active,56+,0,10574.870328988287,6.722636330411459,3.686074715328618,74.63317061290242,33.96963636165836,Fair
Moderately Active,26-35,2,7605.830925747735,5.680266169737959,1.4437068665567765,71.03267446066577,37.314128222294826,Good
Sedentary,56+,6,14489.588536457948,7.104774791741562,2.6282243601992312,63.14834681088499,50.35910771620792,Excellent
Lightly Active,18-25,2,3906.80484105117,6.791639478749386,1.3123729689430645,73.36141824622192,37.879077876815934,Good
Very Active,56+,1,7473.459191761968,8.90610921719646,1.57947952025424,73.26461959753999,39.466021937015014,Good
Lightly Active,36-45,2,5089.491457492293,6.519061039438609,1.0581445253914152,76.6120638808839,32.34870857898196,Fair
Lightly Active,18-25,4,11192.201764355328,7.239031653524277,0.8012462579798184,63.20951180949095,39.41718279112727,Good
Sedentary,46-55,2,5661.316906671,7.28078350652815,1.9565895055615496,77.39226228504812,35.64190745742404,Good
Moderately Active,56+,0,9753.71413759607,7.667049090021786,1.5288750255800665,75.74246178497881,40.11114150609741,Good
Very Active,18-25,3,10646.927949957808,6.875791559437549,1.632344270923859,68.04263420851068,41.697233203290395,Good
Very Active,36-45,5,7298.84665574623,6.728116753399546,1.5491522782873814,68.38995640560334,38.331324406229676,Good
Sedentary,56+,1,9368.738223025499,5.871679780619978,2.115738453692644,69.27573651894116,37.56072484827374,Good
Very Active,56+,4,10382.138954906368,5.442037089372532,1.049713669922872,75.00766589640736,42.81482685853314,Good
Lightly Active,56+,1,7891.071851290955,8.912973214209428,2.8499759386775843,74.77159873062939,42.59891805600845,Good
Very Active,26-35,3,11425.480385583953,8.322377744401045,1.93613780894897,74.72196645046725,42.792973917546206,Good
Moderately Active,36-45,1,9096.795493739035,6.585012075017123,1.8621204571057401,78.88370642663517,34.038840164815056,Fair
Lightly Active,56+,4,5337.571263009171,6.862767114442819,3.0931442407311502,69.90982283937478,40.68076811922509,Good
Sedentary,26-35,1,9909.68708951184,6.764270960312285,2.21472557157721,77.64497808288252,39.46935604632218,Good
Lightly Active,26-35,3,6845.663033318722,8.81629240024667,2.768719391213355,68.88101657416526,40.23650958644156,Good
Very Active,46-55,2,7127.092284154176,7.706669630151554,2.307947698908647,72.45753471264916,37.51998764391442,Good
Very Active,18-25,1,5584.081986924563,8.732443675703035,2.9142972614147373,75.46076623442777,37.56266444242667,Good
Moderately Active,56+,1,7342.547824013631,6.642479359872618,1.0808042420965946,74.56824914331737,31.736997622990348,Fair
Sedentary,36-45,1,6166.470518174028,8.369601742711668,2.6553946046093104,78.24091878368849,36.674873462854265,Good
Very Active,46-55,4,11950.733683242433,5.498563662321357,2.212022543865716,67.35230308507747,45.74389735268138,Excellent
Lightly Active,56+,2,6531.494281684234,5.526394784200658,1.7849049635799548,72.64534291176122,34.94016714037978,Fair
Lightly Active,56+,3,5506.867077968473,6.567946635800432,0.7889704385543235,73.99788547388764,41.35840162124728,Good
Sedentary,26-35,4,12240.883558801466,6.524304307118834,2.0569656920599164,77.6752267050998,41.941604587560654,Good
Moderately Active,56+,6,12572.545736838454,7.2236179612014855,0.6679516759555151,69.63442472406129,43.494529914175075,Good
Moderately Active,46-55,2,5958.345627251342,6.746021276996476,1.9967927400194458,73.31499310499571,36.8928524181374,Good
Moderately Active,56+,4,6889.4342228996065,7.273030041918211,2.266601646731073,67.94325232453104,37.2157171305027,Good
Lightly Active,56+,2,5272.592382662103,5.835069578998654,2.3476995421572715,74.63402913241437,31.051492436313737,Fair
Lightly Active,18-25,5,7679.2622208059,6.542682050814268,0.9008178330101662,66.93640830439129,36.02653515301297,Good
Sedentary,18-25,2,11107.484735344528,8.071188867832458,0.9503391411986452,70.738980854492,37.479165878157936,Good
Moderately Active,18-25,1,11150.051582189932,6.298224418072177,1.0791494241825021,72.92188191535386,38.52954509906276,Good
Sedentary,46-55,2,6370.776425522746,7.934153629589395,1.8408268723416117,77.01210337469071,36.83038661871842,Good
Moderately Active,36-45,5,10549.929680912017,7.5297201044879225,2.8534214120597623,72.92602916559396,36.59516080836803,Good
Moderately Active,56+,4,7031.938687605657,7.576741842947855,1.9400313808457974,70.03005175687987,35.43432492085776,Good
Lightly Active,36-45,1,9752.048235101429,5.629960594462056,2.2846830178078683,71.84815674758835,44.593885175829286,Good
Moderately Active,46-55,5,8342.531518113872,6.801411083773767,2.1909200771705954,64.94050163176553,35.73966120544018,Good
Moderately Active,26-35,5,10460.621886621286,6.8810451427709864,1.012307272345137,75.06471190084417,38.488358898929555,Good
Very Active,36-45,4,7589.553485927407,6.093466725984948,2.494861874514545,72.32233013000585,39.49708424514628,Good
Moderately Active,26-35,2,10134.043712239134,6.157720479503251,2.0689882589949944,64.99865283019702,41.13532120223559,Good
Moderately Active,46-55,1,10448.400504567557,6.302234435185664,2.577683632163651,74.48638320035472,44.69752479789726,Good
Moderately Active,46-55,6,11460.45556773264,7.5776120936183045,1.257991963098395,71.10013045986094,41.99678040643082,Good
Sedentary,46-55,3,5289.929819082632,6.329393317572584,0.8390142588797249,63.96670534684048,35.058598186127725,Good
Lightly Active,26-35,1,8932.812560665201,6.455981951516176,1.4621896350010422,79.68763939555254,43.27909572039601,Good
Sedentary,26-35,0,7414.753587049486,8.446533957106118,1.813373685363675,69.25217394338574,36.39418596441999,Good
Very Active,36-45,5,12069.958031987571,9.219047751229159,1.6236949760358483,61.251294509489554,43.91524943438921,Good
Very Active,18-25,3,6591.553953596812,8.164694012614131,2.492590808949106,76.58115711902595,34.045531248962035,Fair
Lightly Active,18-25,6,4400.983785258606,6.823342017160625,0.9668132940581561,66.7035713367175,40.632899291776695,Good
Moderately Active,18-25,2,6805.916851093892,8.217292655940255,1.4564957155853995,75.08461593451842,34.80590291021787,Fair
Sedentary,36-45,2,8406.462922648674,5.480813023631491,0.6673342037841654,75.77276694646758,41.08726766559436,Good
Lightly Active,26-35,4,3022.06900631849,7.4349027443636375,1.7245436073685605,70.41079888502809,34.03533278287774,Fair
Moderately Active,18-25,2,10977.480673900023,7.929963555379901,1.1160809999768087,77.60853989669957,41.61277540597424,Good
Moderately Active,46-55,2,5131.34479207229,8.057000533866784,1.5081990426168266,75.66180130053728,32.598506067058096,Fair
Very Active,36-45,2,8177.012337249762,6.538659289714952,1.87142910890533,70.84833441075054,43.736546713459354,Good
Moderately Active,46-55,3,7640.527036181478,7.211804487264264,1.346759307645456,75.9546616660231,39.26846994261009,Good
Very Active,56+,5,8659.261838900178,9.108802993256262,2.0605741347769655,64.11464426957623,41.00278057063652,Good
Sedentary,46-55,1,1939.8221826161907,6.477896610372033,1.9635988930202368,70.93783963466669,32.06954475196803,Fair
Lightly Active,26-35,4,9151.862232257547,8.924596021092261,1.4176647801585207,74.90841185068328,36.944845569963604,Good
Moderately Active,56+,2,4238.615132734254,7.436157114138144,1.6773113409800613,71.33200884753704,39.22951941622065,Good
Very Active,26-35,1,4545.744012713814,7.521146795969726,2.0196731094405815,67.85826841867969,36.619258295197646,Good
Lightly Active,26-35,1,8600.399314090697,6.379785312818642,1.366485319797966,71.41147889396186,39.521417959330535,Good
Sedentary,36-45,3,9716.37514971918,6.839852406452419,2.6351309251647397,75.8742980546767,38.24008875296918,Good
Lightly Active,36-45,1,4504.0110940918275,6.086314001537431,0.5356546291478399,72.88073957975038,32.60124818640924,Fair
Sedentary,56+,3,7535.620184877253,5.569345055523694,1.6563964237573212,69.96522053727597,35.01516544545059,Good
Very Active,46-55,1,11807.988465350005,6.637531415966973,2.5532685060004114,82.95600367096058,43.308894647490284,Good
Very Active,18-25,3,3147.426722536031,6.574614898132176,2.521438175152759,67.11340275235416,34.29702658301201,Fair
Moderately Active,56+,1,4599.9774209659245,6.486438084625227,1.980485187729462,70.33127546853999,26.255338187766007,Fair
Moderately Active,46-55,3,4810.435562071557,6.445794866718016,0.9707934534719664,73.06199897251213,35.19602540942305,Good
Sedentary,46-55,2,11230.773083716542,7.405782143981657,2.7783917018712163,65.84730184234257,43.983178137217536,Good
Sedentary,46-55,2,5856.612228217823,8.072351614050168,1.8607480966688767,71.98430971062123,38.520730320299265,Good
Moderately Active,36-45,4,6894.668876054595,6.62153673379802,2.250695028410437,68.26898073598686,34.531943056642646,Fair
Lightly Active,26-35,4,10409.33328805349,7.193216418046377,0.8993522276734089,71.12594561894313,40.68479722823622,Good
Very Active,46-55,5,4795.817310165574,7.300519494053595,0.49485281922486224,67.16124206806991,40.716698364564095,Good
Moderately Active,26-35,7,14996.815027804492,7.278953135286273,1.1207435299049087,67.39412944439844,48.657399988527274,Excellent
Moderately Active,56+,2,10271.194250972172,8.158262308422342,2.60782756971418,66.54945301633393,40.32508786344362,Good
Sedentary,18-25,3,8650.599865884968,7.689202600938328,2.467828301167475,70.58653641199605,39.43018137235554,Good
Very Active,36-45,2,7066.305707120946,7.1319337215648995,1.2787057207460282,71.73154611147407,33.19307859370172,Fair
Lightly Active,56+,4,10948.32667947991,6.312541299194003,2.2402281275905485,75.37520424867397,39.03590746129377,Good
Moderately Active,46-55,2,8378.584895090135,6.956329276296088,0.9650224226217116,76.072294615369,38.58697533886465,Good
Very Active,36-45,5,9727.788992396174,7.701183772742002,1.449758847299281,65.47081140148559,36.917610563421995,Good
Lightly Active,46-55,1,9103.1137233683,6.131091369631974,2.5579585358694956,70.35162073050782,36.62980129588142,Good
Very Active,46-55,1,6734.298638005889,8.362228636888627,1.6996096435785684,68.56527009814964,34.821864771290834,Fair
Sedentary,36-45,3,6755.707487328984,6.666587331527551,1.4815603073929184,75.6697291580497,37.077298979141354,Good
Very Active,56+,3,11930.167992620623,6.10318398965795,1.3590938423781245,74.16224534114923,43.01350622036325,Good
Sedentary,18-25,5,8111.108744039514,7.193715492767393,3.126009097459945,70.84508686224021,41.37090594683721,Good
Sedentary,18-25,3,6323.558494488125,7.4575005865612445,1.8319590650337587,74.94329679226564,38.16560233560101,Good
Very Active,26-35,4,9389.032813651467,7.228643646362047,2.363678635871198,64.1746416757655,41.20240373122245,Good
Sedentary,56+,1,14149.213358756275,8.040959732645085,1.830492803821412,68.18808884059203,40.363665683576386,Good
Very Active,46-55,2,8598.043862654893,7.13071220847967,1.8877514618133844,71.88013605861265,36.89369501027172,Good
Moderately Active,18-25,6,10429.710270442196,6.753579016605721,2.1388585882202276,69.80330726017174,41.70468745350632,Good
Lightly Active,46-55,2,9287.763132459797,7.118597982098594,2.5772792352088394,72.38011353720803,33.28514133807048,Fair
Lightly Active,18-25,3,11952.376314106952,5.765819459183426,3.755395349894055,71.13610281085656,38.973940855033774,Good
Moderately Active,56+,2,10669.868611952004,7.198187403848823,1.9195805063842142,69.78439293686426,42.6252712039675,Good
Moderately Active,18-25,1,9537.851223829,6.492180440141035,1.9743533263901738,74.07042302671557,36.59218311074072,Good
Lightly Active,56+,4,7221.724148238682,6.978986622551273,2.683224023447359,66.62793919905671,35.83902748361067,Good
Sedentary,46-55,4,10326.449030104111,7.434092365903163,1.6465783659757403,61.401420164045106,38.59996893778041,Good
Very Active,56+,5,7707.459479482441,8.373466730311682,2.1317947099061403,67.17533623425656,37.595211885856116,Good
Sedentary,36-45,3,4505.245152647158,5.996867075494041,1.0592987426623395,66.4375104662597,36.04487194720153,Good
Very Active,56+,0,5568.969530079941,8.551342467817111,0.3,77.41969484325752,31.97946786019824,Fair
Moderately Active,36-45,4,8283.904618446431,6.868817979713421,2.605991524855291,68.18407722702067,42.213390892449056,Good
Lightly Active,46-55,1,8961.779193626313,6.40285557496195,2.2644396907459123,70.11165452659964,41.19736998644724,Good
Very Active,46-55,0,8831.66418999264,8.13474275617189,2.443993005974979,68.61292992533146,35.17682069371022,Good
Sedentary,46-55,4,10939.289447378858,8.978511339573089,2.024374821868509,66.80590293514895,42.22137818214343,Good
Lightly Active,26-35,2,4237.93635886108,6.4318488161149645,1.6175844921531992,73.3584783923069,36.536089516143484,Good
Very Active,18-25,10,9330.487695760628,8.226320017992064,1.947437463460284,64.91449269168515,38.9515846706398,Good
